epoch,step,test_r2,test_racc,train_loss,train_r2,train_racc,valid_loss,valid_r2,valid_racc
0,9,,,0.8660757573077379,,0.6515521172001248,,,
0,19,,,0.6261166159029221,,0.7135030999437499,,,
0,29,,,0.4541913952743203,,0.7788936665126004,,,
0,39,,,0.382358886432261,,0.7946959528829018,,,
0,49,,,0.31187104664562487,,0.8290905373342398,,,
0,59,,,0.37687062136060756,,0.8018352386205263,,,
0,69,,,0.2600856722267141,,0.8453281828097012,,,
0,79,,,0.29181019129884844,,0.8295798041433077,,,
0,89,,,0.23613390224384098,,0.8586486771280255,,,
0,99,,,0.31881280194715866,,0.821996559515266,,,
0,109,,,0.23563176472581837,,0.8558019358258349,,,
0,119,,,0.23947415096533492,,0.8574386927927954,,,
0,129,,,0.2742184469739806,,0.84247897244711,,,
0,139,,,0.21918020271894734,,0.8624744278451203,,,
0,149,,,0.21088826371574387,,0.8700075258410521,,,
0,159,,,0.18313356870059003,,0.8808023154381973,,,
0,169,,,0.2673744195932377,,0.8407970874208368,,,
0,179,,,0.21118958910470154,,0.864227701673262,,,
0,189,,,0.18800114235726928,,0.8773223294399006,,,
0,199,,,0.20834944152284468,,0.8698131043976467,,,
0,209,,,0.20038309196210097,,0.8709283206877451,,,
0,219,,,0.1929659597236949,,0.8778123229597947,,,
0,229,,,0.2574706242223965,,0.8476958519825868,,,
0,239,,,0.1919803185359787,,0.8772741435739321,,,
0,249,,,0.2385017075114393,,0.8536689318272019,,,
0,259,,,0.2715350016251846,,0.8447544150955009,,,
0,269,,,0.22107555301113938,,0.8628498857697978,,,
0,279,,,0.12709860726385228,,0.9103132148114221,,,
0,289,,,0.24187374641438342,,0.853388021490644,,,
0,299,,,0.2188335338163298,,0.8640583276076277,,,
0,309,,,0.17572750073691196,,0.8830485324421026,,,
0,319,,,0.26412692581825414,,0.8395842346852045,,,
0,329,,,0.27009326431957775,,0.8403759489790411,,,
0,339,,,0.14536117385869823,,0.8995240781418683,,,
0,349,,,0.20707751090093326,,0.8738938930333011,,,
0,359,,,0.15420449859536173,,0.8939885711572487,,,
0,369,,,0.15876332730882142,,0.8931084870733046,,,
0,374,,,,,,0.17815478146076202,-0.03773321583867073,0.8835495114326477
0,374,,,0.14923197031021118,-0.8159015774726868,0.8455342650413513,,,
1,379,,,0.18607442403289354,,0.8778190541582984,,,
1,389,,,0.15055330004348297,,0.8990899620517593,,,
1,399,,,0.1354108771365702,,0.9038778007406544,,,
1,409,,,0.17607728490223276,,0.885477016495481,,,
1,419,,,0.189875388041588,,0.873096529586034,,,
1,429,,,0.1386195931166816,,0.9035275280111845,,,
1,439,,,0.16327015602340755,,0.8896126742295258,,,
1,449,,,0.1442828011177546,,0.9004948538287069,,,
1,459,,,0.18573688416726414,,0.879283969963908,,,
1,469,,,0.23476225523403585,,0.8653196630993824,,,
1,479,,,0.17104160191568354,,0.8879303183819668,,,
1,489,,,0.1412301345569459,,0.903200966985767,,,
1,499,,,0.22186523657404095,,0.8672164946162192,,,
1,509,,,0.13356473971314642,,0.9046365416332632,,,
1,519,,,0.17245547541708567,,0.88529408176022,,,
1,529,,,0.16066985315730142,,0.8922008824123095,,,
1,539,,,0.14788360128019074,,0.9001979331656992,,,
1,549,,,0.15978496689067562,,0.8920074869263763,,,
1,559,,,0.21020113850865013,,0.8667329196290017,,,
1,569,,,0.12623730725942559,,0.9141294014492469,,,
1,579,,,0.1700445454623523,,0.8902923935354204,,,
1,589,,,0.18323890005876886,,0.8801650610353833,,,
1,599,,,0.18077162726185286,,0.8799052130597209,,,
1,609,,,0.1642711400732356,,0.8889484752261305,,,
1,619,,,0.17088717287903366,,0.8879246384074767,,,
1,629,,,0.1847541185928858,,0.8799091749056711,,,
1,639,,,0.18436208795557113,,0.8818648199686774,,,
1,649,,,0.14816604145773932,,0.8996478091761374,,,
1,659,,,0.18213300847552233,,0.8803846860704118,,,
1,669,,,0.14491145801174052,,0.9015305924565711,,,
1,679,,,0.20375422468682267,,0.8740284570458349,,,
1,689,,,0.17849309699726684,,0.8845674118390046,,,
1,699,,,0.1928325857534674,,0.8758369469785612,,,
1,709,,,0.12145398182764383,,0.9128677556111194,,,
1,719,,,0.18802062328655228,,0.8779108621608045,,,
1,729,,,0.18850528011839163,,0.8764243952314945,,,
1,739,,,0.1645859547565335,,0.8860205562470717,,,
1,749,,,0.14564420559699542,,0.8992775136556177,,,
1,749,,,,,,0.1589123010635376,0.12491223961114883,0.8931714296340942
1,749,,,0.1456442028284073,0.06855089962482452,0.8863241076469421,,,
2,759,,,0.13322189499234877,,0.9062678424998056,,,
2,769,,,0.1469708127202152,,0.9006734124957337,,,
2,779,,,0.1660874845918412,,0.8897113972421882,,,
2,789,,,0.13660509735417978,,0.9040839638303924,,,
2,799,,,0.15088249251296162,,0.8964249624292475,,,
2,809,,,0.1730927843310241,,0.8839869938674544,,,
2,819,,,0.17495280798746596,,0.8820302541090634,,,
2,829,,,0.1411289099054009,,0.9029018111759358,,,
2,839,,,0.14796488046952444,,0.9004135985834856,,,
2,849,,,0.16439130370587962,,0.893620824306351,,,
2,859,,,0.14301497512529066,,0.9015912533693899,,,
2,869,,,0.1517030904406197,,0.896639499826418,,,
2,879,,,0.17715726561586626,,0.8822976817745412,,,
2,889,,,0.16947408453615526,,0.8862727753076174,,,
2,899,,,0.15825225339888238,,0.8960271552899709,,,
2,909,,,0.18723035984012365,,0.880604895019808,,,
2,919,,,0.12734320001019792,,0.9088572382528707,,,
2,929,,,0.17460576375197154,,0.8843768200039028,,,
2,939,,,0.15431947196442697,,0.8945330777783919,,,
2,949,,,0.1639583084548327,,0.8900511181811801,,,
2,959,,,0.19602412047644502,,0.8745399750672839,,,
2,969,,,0.2170788617686953,,0.8622593086516712,,,
2,979,,,0.17445043290651302,,0.8865019528347482,,,
2,989,,,0.1293521126762271,,0.9081970637412269,,,
2,999,,,0.1560327063774216,,0.8924350415111977,,,
2,1009,,,0.16705898150520052,,0.8864097727864869,,,
2,1019,,,0.1368252585422267,,0.9036193055914956,,,
2,1029,,,0.17091263659966516,,0.8849307322478591,,,
2,1039,,,0.17065151003884213,,0.8863013674415501,,,
2,1049,,,0.1908186051104624,,0.8756887493341103,,,
2,1059,,,0.1738901125408097,,0.8852111012241128,,,
2,1069,,,0.1252450956262139,,0.9100895198062536,,,
2,1079,,,0.21622938126263852,,0.8685797702976229,,,
2,1089,,,0.1400270611772324,,0.9050781606916992,,,
2,1099,,,0.20506907488294607,,0.875431069845292,,,
2,1109,,,0.12513423776965552,,0.911364699979083,,,
2,1119,,,0.16099138052721806,,0.8963923576691187,,,
2,1124,,,,,,0.15149007737636566,0.1868414431810379,0.8968919515609741
2,1124,,,0.1972411572933197,0.17366831004619598,0.8931252956390381,,,
3,1129,,,0.1478295178112179,,0.8990690683443612,,,
3,1139,,,0.1521964618992295,,0.8964814840861094,,,
3,1149,,,0.1325471291023857,,0.90919570060566,,,
3,1159,,,0.14516845496252404,,0.9000734942844758,,,
3,1169,,,0.1524479365611098,,0.8955705736450302,,,
3,1179,,,0.1400758863496071,,0.9037819085454446,,,
3,1189,,,0.13512958819894177,,0.9072345745234243,,,
3,1199,,,0.1435319685039401,,0.9000944920801502,,,
3,1209,,,0.13620953667972277,,0.9036481928236101,,,
3,1219,,,0.12447011469006361,,0.9120174779352792,,,
3,1229,,,0.20187164820593287,,0.8712780134228987,,,
3,1239,,,0.10350536392966823,,0.9222304806618479,,,
3,1249,,,0.11228374498635976,,0.9185498618473711,,,
3,1259,,,0.14584799074174476,,0.8995392901571401,,,
3,1269,,,0.1377243498366674,,0.903977499487688,,,
3,1279,,,0.09922836164470515,,0.9252734989584974,,,
3,1289,,,0.15937500766479007,,0.8935347400160547,,,
3,1299,,,0.1512254297640998,,0.8965359732131205,,,
3,1309,,,0.1863460933381861,,0.8800365732927672,,,
3,1319,,,0.1581111787284713,,0.8952991446723155,,,
3,1329,,,0.10589979937620361,,0.9212333930630128,,,
3,1339,,,0.17303175787848776,,0.8853746127134847,,,
3,1349,,,0.13489881662459435,,0.9054327042981086,,,
3,1359,,,0.13525710123194826,,0.9039229852815012,,,
3,1369,,,0.15020317883926537,,0.8966331583584142,,,
3,1379,,,0.12497777118664234,,0.9093676981506776,,,
3,1389,,,0.14402811692836953,,0.9012654951636168,,,
3,1399,,,0.11397707707524496,,0.91662445433858,,,
3,1409,,,0.19968114858264702,,0.8725775957832785,,,
3,1419,,,0.13110264410618297,,0.9067245846545867,,,
3,1429,,,0.18035025771229146,,0.8826141933396539,,,
3,1439,,,0.16817067530138702,,0.8867698906576149,,,
3,1449,,,0.17389087647916304,,0.8847764001672892,,,
3,1459,,,0.16262045145895365,,0.888981783938244,,,
3,1469,,,0.14977386958673328,,0.8993658240106389,,,
3,1479,,,0.14744355639444753,,0.899856008663459,,,
3,1489,,,0.11914765242553016,,0.9172178600426973,,,
3,1499,,,0.1372042400211359,,0.9020869715794613,,,
3,1499,,,,,,0.14966347813606262,0.19885899126529694,0.8978766798973083
3,1499,,,0.13720424473285675,0.22582194209098816,0.8967048525810242,,,
4,1509,,,0.1395389643699606,,0.9025954924506578,,,
4,1519,,,0.16534783705918338,,0.89255762402006,,,
4,1529,,,0.11827979679447254,,0.9144565903579744,,,
4,1539,,,0.12479295417300298,,0.9114964216040936,,,
4,1549,,,0.16510501490654156,,0.8890125105115348,,,
4,1559,,,0.12146975719832923,,0.9142219008631824,,,
4,1569,,,0.15791805142210075,,0.895266633515557,,,
4,1579,,,0.1481953486541827,,0.8973587409079636,,,
4,1589,,,0.15131508346667885,,0.8945295277963101,,,
4,1599,,,0.14323371883765137,,0.9014139077343175,,,
4,1609,,,0.12460319666942477,,0.9099171791291518,,,
4,1619,,,0.15344574910110315,,0.8955974594948036,,,
4,1629,,,0.15689067303799759,,0.8957717973854773,,,
4,1639,,,0.15932565670555535,,0.8915975636636757,,,
4,1649,,,0.13462778871267106,,0.9047748529314706,,,
4,1659,,,0.16212576285436467,,0.8900277571802857,,,
4,1669,,,0.11131120876776039,,0.9184528752342322,,,
4,1679,,,0.1455118940540091,,0.901793781075819,,,
4,1689,,,0.1266188664909338,,0.9098461121792514,,,
4,1699,,,0.20447522905860394,,0.8682217480524402,,,
4,1709,,,0.16235139036665697,,0.8911204234217878,,,
4,1719,,,0.15991704473178497,,0.8921851323546065,,,
4,1729,,,0.16817499261619465,,0.8874626146279425,,,
4,1739,,,0.1327420491071531,,0.9046814224968346,,,
4,1749,,,0.15841215362569355,,0.8925624087564799,,,
4,1759,,,0.15862741864153357,,0.8906395002038724,,,
4,1769,,,0.18514965686899723,,0.8792118381246553,,,
4,1779,,,0.12770281543730105,,0.9092480681081311,,,
4,1789,,,0.16037825642267348,,0.893460129280276,,,
4,1799,,,0.16285700016963922,,0.8916015679571327,,,
4,1809,,,0.15526932170632413,,0.893760457742488,,,
4,1819,,,0.11645693800210533,,0.9155041679942104,,,
4,1829,,,0.1486561693441707,,0.8994421328938755,,,
4,1839,,,0.15528429987752046,,0.8940026319988689,,,
4,1849,,,0.17678434199971998,,0.8844365407361444,,,
4,1859,,,0.14402080851250362,,0.8988168056830159,,,
4,1869,,,0.14404345118373818,,0.9011484214319854,,,
4,1874,,,,,,0.15149828791618347,0.18500779569149017,0.896996796131134
4,1874,,,0.13034698367118835,0.2589082419872284,0.8990453481674194,,,
5,1879,,,0.1471264518875035,,0.8989490368901119,,,
5,1889,,,0.19455475650777243,,0.8742790489740756,,,
5,1899,,,0.12205491808431024,,0.9117206407660777,,,
5,1909,,,0.11198984707289017,,0.9184662057042815,,,
5,1919,,,0.12472584371725534,,0.9137819390325531,,,
5,1929,,,0.17544202502951534,,0.8806404523455796,,,
5,1939,,,0.12178799069317837,,0.9122309121650815,,,
5,1949,,,0.13762658017005286,,0.9011860452999579,,,
5,1959,,,0.12125458491471244,,0.9121383061404873,,,
5,1969,,,0.10107567982455493,,0.9259993832712867,,,
5,1979,,,0.145898742016291,,0.9023186361934921,,,
5,1989,,,0.17905394964851504,,0.8823045123366461,,,
5,1999,,,0.16470667488298607,,0.8899102425972192,,,
5,2009,,,0.13200939445542845,,0.9089929850902111,,,
5,2019,,,0.16753087503939004,,0.8860457076121118,,,
5,2029,,,0.15506461957797596,,0.8917978777066273,,,
5,2039,,,0.14509691974622307,,0.900551001383314,,,
5,2049,,,0.14030662797459967,,0.9007672565614699,,,
5,2059,,,0.20560197205874536,,0.8663369029105207,,,
5,2069,,,0.1296616462244536,,0.9071753194594507,,,
5,2079,,,0.13485748298090264,,0.9090680223190277,,,
5,2089,,,0.14471339004526956,,0.8988753407086524,,,
5,2099,,,0.1884194180539145,,0.8809620067999616,,,
5,2109,,,0.1271191490019619,,0.9091750495332833,,,
5,2119,,,0.1418054859847665,,0.9030320234205357,,,
5,2129,,,0.12451159363497155,,0.9109460798962468,,,
5,2139,,,0.18230353624554452,,0.8821861939474223,,,
5,2149,,,0.14833449638790322,,0.9033948593748098,,,
5,2159,,,0.12342180580425285,,0.9105865885044213,,,
5,2169,,,0.15906666191837204,,0.8906696685371192,,,
5,2179,,,0.1757818738588534,,0.8802445741901679,,,
5,2189,,,0.17938459892555558,,0.8841747813852657,,,
5,2199,,,0.13666103121510628,,0.9043809023327636,,,
5,2209,,,0.20849404349309564,,0.8664495178745385,,,
5,2219,,,0.1074467361459317,,0.9212439343503317,,,
5,2229,,,0.12504160514672458,,0.9096051743115724,,,
5,2239,,,0.13290190140573874,,0.9067650780091565,,,
5,2249,,,0.19084765063863876,,0.8757062548374797,,,
5,2249,,,,,,0.14550046622753143,0.23059073090553284,0.9001305103302002
5,2249,,,0.19084765017032623,0.28707507252693176,0.901075005531311,,,
6,2259,,,0.10644343875359585,,0.920989431183917,,,
6,2269,,,0.11773816778052897,,0.9155948761536511,,,
6,2279,,,0.16942662665887837,,0.8900450096169066,,,
6,2289,,,0.17429596346878,,0.8863881112537265,,,
6,2299,,,0.13802220381766683,,0.9015738305228566,,,
6,2309,,,0.11697226699979985,,0.9166253992847149,,,
6,2319,,,0.1627820283844707,,0.8911408603831837,,,
6,2329,,,0.11651465688548034,,0.9174437738088517,,,
6,2339,,,0.16695268311654965,,0.8860366553450506,,,
6,2349,,,0.11913303030900485,,0.9147724295118634,,,
6,2359,,,0.13672091682989185,,0.9055982762546929,,,
6,2369,,,0.17287287009931995,,0.8855295770782131,,,
6,2379,,,0.1888460531598884,,0.8802431937221079,,,
6,2389,,,0.16822213327031843,,0.8868076186633266,,,
6,2399,,,0.1266763091904084,,0.908975623032922,,,
6,2409,,,0.15519617777406752,,0.8934430579510979,,,
6,2419,,,0.1260942630808947,,0.9100736357736456,,,
6,2429,,,0.1814327859042325,,0.883138210199381,,,
6,2439,,,0.16054672785434637,,0.8912545539222199,,,
6,2449,,,0.10890278135425281,,0.9198381154410784,,,
6,2459,,,0.1451141168844829,,0.9028173938592314,,,
6,2469,,,0.15965091398259687,,0.8937324380284297,,,
6,2479,,,0.12931157315210962,,0.9098024318417853,,,
6,2489,,,0.1367870851631704,,0.9029983381962251,,,
6,2499,,,0.106580538806959,,0.9223057878376107,,,
6,2509,,,0.1594946778276351,,0.892283957993499,,,
6,2519,,,0.11643317691445762,,0.9164150736649794,,,
6,2529,,,0.1975990842998177,,0.8731670990849623,,,
6,2539,,,0.1493192446261825,,0.8958135322433594,,,
6,2549,,,0.14202351853040682,,0.9011425021039381,,,
6,2559,,,0.15527914744814086,,0.8953909190089078,,,
6,2569,,,0.10149084628468315,,0.9241837835239722,,,
6,2579,,,0.1574382272471654,,0.8912749759685414,,,
6,2589,,,0.11966937443984302,,0.9135222038588587,,,
6,2599,,,0.10383085331332535,,0.9239018329940676,,,
6,2609,,,0.1595464476886027,,0.8939686926832656,,,
6,2619,,,0.13503821776231018,,0.9048476428808381,,,
6,2624,,,,,,0.14391781389713287,0.24502874910831451,0.9009418487548828
6,2624,,,0.11766336113214493,0.3077024221420288,0.902592658996582,,,
7,2629,,,0.14878143325445886,,0.8978839129166459,,,
7,2639,,,0.10276346034707184,,0.9234649942995937,,,
7,2649,,,0.16645583881991843,,0.8891849251458824,,,
7,2659,,,0.13048062234991573,,0.9068220261525192,,,
7,2669,,,0.12683010280852564,,0.9103772821767996,,,
7,2679,,,0.1714561342244122,,0.8886095317838608,,,
7,2689,,,0.11601900663153104,,0.9172059507348891,,,
7,2699,,,0.1326756458295827,,0.9095446867718299,,,
7,2709,,,0.1950131829368605,,0.8741268502816731,,,
7,2719,,,0.11551998221187654,,0.9168618493227175,,,
7,2729,,,0.11935923524779139,,0.9133392081979408,,,
7,2739,,,0.10373315761219634,,0.9245448991496701,,,
7,2749,,,0.0919381796235423,,0.9300677530156748,,,
7,2759,,,0.1257402037684775,,0.9111630358992082,,,
7,2769,,,0.1289806543262063,,0.9106001204852471,,,
7,2779,,,0.1195383692029379,,0.9136909123203644,,,
7,2789,,,0.1416359611668471,,0.9011531345262005,,,
7,2799,,,0.17959653973181902,,0.888224796254576,,,
7,2809,,,0.19262333639440576,,0.8766541962846711,,,
7,2819,,,0.13728028715755436,,0.9046721189778218,,,
7,2829,,,0.1321380648876227,,0.9095986349553862,,,
7,2839,,,0.12538160011069818,,0.9093369444644612,,,
7,2849,,,0.11745135491724865,,0.9160370768736996,,,
7,2859,,,0.11492026731619737,,0.9162416560312328,,,
7,2869,,,0.14662041070402632,,0.8991975023524624,,,
7,2879,,,0.09947252534689213,,0.9268533612859529,,,
7,2889,,,0.16446330353899574,,0.8894098775168373,,,
7,2899,,,0.18084290638603107,,0.8790857038277421,,,
7,2909,,,0.12065235944346006,,0.9116984782210904,,,
7,2919,,,0.17783084814924982,,0.883468130513066,,,
7,2929,,,0.1430727465132926,,0.903222912622926,,,
7,2939,,,0.13193675924650927,,0.9062819547363302,,,
7,2949,,,0.15977329383426275,,0.8926837031732336,,,
7,2959,,,0.11505236091170512,,0.9175356730247499,,,
7,2969,,,0.13607747874973614,,0.9030184781178372,,,
7,2979,,,0.12659420855920783,,0.9114475940654535,,,
7,2989,,,0.1417390163186938,,0.9017481896073238,,,
7,2999,,,0.10371173596316716,,0.9225198082834125,,,
7,2999,,,,,,0.1427755206823349,0.2545819580554962,0.901413083076477
7,2999,,,0.10371173918247223,0.32198548316955566,0.9036941528320312,,,
8,3009,,,0.1613926067567677,,0.8959197429054055,,,
8,3019,,,0.14021844207413336,,0.9024110278032701,,,
8,3029,,,0.15933823788570173,,0.8916423309914122,,,
8,3039,,,0.10764529332279066,,0.9207753510433635,,,
8,3049,,,0.11359716647501614,,0.9173102520937786,,,
8,3059,,,0.14374030359143258,,0.9010715243049071,,,
8,3069,,,0.14861027988100317,,0.8978902039472049,,,
8,3079,,,0.11738347815158079,,0.9132076768381688,,,
8,3089,,,0.13951352359453315,,0.9009785415846299,,,
8,3099,,,0.13664045882833542,,0.903359649120514,,,
8,3109,,,0.11962754289031516,,0.9121213798441261,,,
8,3119,,,0.17091697956944474,,0.884830349742475,,,
8,3129,,,0.11881540007588842,,0.9138043479599159,,,
8,3139,,,0.14733866523001055,,0.8971897354534832,,,
8,3149,,,0.14652162529792315,,0.900396981419961,,,
8,3159,,,0.13289470808400666,,0.9070858613209752,,,
8,3169,,,0.09967968531195065,,0.9272832225384614,,,
8,3179,,,0.13818814672672441,,0.9020049641825093,,,
8,3189,,,0.13430174129509523,,0.9049664820028637,,,
8,3199,,,0.14831569684318763,,0.8999633479846485,,,
8,3209,,,0.12743117106777282,,0.9109362265644069,,,
8,3219,,,0.11785032616501659,,0.9180407190666333,,,
8,3229,,,0.1622454434937874,,0.891300372101745,,,
8,3239,,,0.1162961000363826,,0.9142858581867859,,,
8,3249,,,0.15269119020443744,,0.8937774717961355,,,
8,3259,,,0.1523881584006501,,0.8969479713979632,,,
8,3269,,,0.15181672240719496,,0.8939362104200267,,,
8,3279,,,0.13178914897114596,,0.9067717813653804,,,
8,3289,,,0.14640889405431556,,0.896660078682225,,,
8,3299,,,0.09900091091578123,,0.925704057107879,,,
8,3309,,,0.1643291518803627,,0.8899346713356587,,,
8,3319,,,0.1160626684246332,,0.9162125225954354,,,
8,3329,,,0.13647603455086146,,0.9067067872772091,,,
8,3339,,,0.14580617903270235,,0.8988685652670615,,,
8,3349,,,0.12281501863166402,,0.9126633419414302,,,
8,3359,,,0.10782575285451873,,0.9202527222444465,,,
8,3369,,,0.1663886344532845,,0.8889090792176626,,,
8,3374,,,,,,0.14227265119552612,0.2568072974681854,0.9017979502677917
8,3374,,,0.1265690177679062,0.3328459560871124,0.9045820832252502,,,
9,3379,,,0.12323507734196884,,0.9114080649257692,,,
9,3389,,,0.15395411174830947,,0.8944374492021366,,,
9,3399,,,0.12374577847061345,,0.9113413940668217,,,
9,3409,,,0.13469993965592486,,0.903696337561414,,,
9,3419,,,0.13020677639086353,,0.9080827556654268,,,
9,3429,,,0.12254959271491134,,0.9122136541119727,,,
9,3439,,,0.14382748556352726,,0.901959662059657,,,
9,3449,,,0.11354473474943527,,0.917197765299335,,,
9,3459,,,0.1605794319727585,,0.9011055648569214,,,
9,3469,,,0.12497221605162673,,0.9111743961128487,,,
9,3479,,,0.09637272605741577,,0.9288321932815155,,,
9,3489,,,0.14025778001408412,,0.9024174707908204,,,
9,3499,,,0.14325093770777655,,0.9014881375878426,,,
9,3509,,,0.0961271010165274,,0.9283895447537314,,,
9,3519,,,0.14472817845045916,,0.9013295412873287,,,
9,3529,,,0.10940747222322335,,0.9194771271198243,,,
9,3539,,,0.18997532821042862,,0.8771288044640438,,,
9,3549,,,0.14524323503052244,,0.8983127198512018,,,
9,3559,,,0.13414969591517814,,0.905682814776767,,,
9,3569,,,0.14415665720120469,,0.9010869276231328,,,
9,3579,,,0.15703531632145756,,0.895094957570287,,,
9,3589,,,0.1526019972424897,,0.8982974052441981,,,
9,3599,,,0.14321783876195845,,0.9012109726965791,,,
9,3609,,,0.10130997950241813,,0.9255892767598173,,,
9,3619,,,0.15074267164475616,,0.8974644504544612,,,
9,3629,,,0.11494980403727237,,0.9161628253795352,,,
9,3639,,,0.12347542435085834,,0.910688169816488,,,
9,3649,,,0.16723796888994608,,0.888909245886632,,,
9,3659,,,0.1720266805160469,,0.8879119874715978,,,
9,3669,,,0.12862170467743436,,0.9081731818592458,,,
9,3679,,,0.15205920997120964,,0.8958931635307816,,,
9,3689,,,0.12056542827336196,,0.9110938504226852,,,
9,3699,,,0.13358665414364107,,0.9075780339067308,,,
9,3709,,,0.11473448601366533,,0.9175539610389274,,,
9,3719,,,0.14269112925886718,,0.8995928781698209,,,
9,3729,,,0.1458599140536902,,0.8968943430087435,,,
9,3739,,,0.11295679812812265,,0.9163660936376068,,,
9,3749,,,0.11193396164490627,,0.918282516435837,,,
9,3749,,,,,,0.14042580127716064,0.2746184468269348,0.9026793837547302
9,3749,,,0.11193396151065826,0.34959933161735535,0.9055895209312439,,,
10,3759,,,0.08760930643840564,,0.9341527818702998,,,
10,3769,,,0.1577798263008342,,0.8919884038229898,,,
10,3779,,,0.10462165037396426,,0.9223885526855465,,,
10,3789,,,0.13977738579136656,,0.9040244649866498,,,
10,3799,,,0.1330335874986161,,0.906400503576175,,,
10,3809,,,0.1247624010682397,,0.9107338990154399,,,
10,3819,,,0.1604555292391986,,0.8921711646482,,,
10,3829,,,0.12951330423914392,,0.9069926753755233,,,
10,3839,,,0.1222095142396213,,0.9103507762695067,,,
10,3849,,,0.11694649518999606,,0.9152700803846063,,,
10,3859,,,0.1758730349726636,,0.8864560992650465,,,
10,3869,,,0.1569170518959469,,0.893785948651683,,,
10,3879,,,0.15409297383141396,,0.8924061885459874,,,
10,3889,,,0.15936879862967485,,0.8924593807615344,,,
10,3899,,,0.12213257160657498,,0.9139506110185903,,,
10,3909,,,0.11025332510753444,,0.9198354089514665,,,
10,3919,,,0.11724301453845375,,0.9145018823486046,,,
10,3929,,,0.12840220187687348,,0.9091281569817329,,,
10,3939,,,0.11922797237168775,,0.912660267471412,,,
10,3949,,,0.13200349209820808,,0.9040419589182239,,,
10,3959,,,0.1500205298083609,,0.8973608846661489,,,
10,3969,,,0.1343780905797703,,0.909416385825094,,,
10,3979,,,0.13270108218887405,,0.9076452392292585,,,
10,3989,,,0.12468767672089691,,0.9098762791015764,,,
10,3999,,,0.12494969397811251,,0.910483478875918,,,
10,4009,,,0.08351911605031959,,0.9356826095868251,,,
10,4019,,,0.18957228356768452,,0.8746442909350081,,,
10,4029,,,0.13396065728118656,,0.9074561988706584,,,
10,4039,,,0.1483027781555214,,0.8991143178692635,,,
10,4049,,,0.13733418549864268,,0.9034818616374378,,,
10,4059,,,0.13133853998552417,,0.9057485656863358,,,
10,4069,,,0.12157610274238072,,0.9135204795772545,,,
10,4079,,,0.12415839702533474,,0.9107441897040004,,,
10,4089,,,0.11701821576675561,,0.9162696127857516,,,
10,4099,,,0.1730098805364499,,0.8862980451607592,,,
10,4109,,,0.1841445243071548,,0.8807548539827077,,,
10,4119,,,0.12968531540298123,,0.9090229961689815,,,
10,4124,,,,,,0.14068640768527985,0.2688148021697998,0.9025212526321411
10,4124,,,0.11059435456991196,0.3603311777114868,0.9067118763923645,,,
11,4129,,,0.1526274166352459,,0.8948498892097784,,,
11,4139,,,0.14852950506466234,,0.8984748899704695,,,
11,4149,,,0.16645827523689216,,0.8913285021499125,,,
11,4159,,,0.12266048008791702,,0.9124065277247408,,,
11,4169,,,0.13130000809961373,,0.9084177386057941,,,
11,4179,,,0.15460091194068673,,0.8964604222565123,,,
11,4189,,,0.09934141104031798,,0.9264249738600157,,,
11,4199,,,0.1752687446647629,,0.8920955371420028,,,
11,4209,,,0.1049980953606438,,0.9228905990024073,,,
11,4219,,,0.12419011666834542,,0.9139757894420387,,,
11,4229,,,0.14286687891901645,,0.8998560567817778,,,
11,4239,,,0.1088502093811394,,0.9188289386221453,,,
11,4249,,,0.09225749867538349,,0.9302101148361397,,,
11,4259,,,0.11942910720285901,,0.9151596464707845,,,
11,4269,,,0.12247075561642025,,0.9119294103819755,,,
11,4279,,,0.16321095472810804,,0.8882880297592126,,,
11,4289,,,0.11942237352247738,,0.9159998802319124,,,
11,4299,,,0.12034460317120799,,0.9130318384299909,,,
11,4309,,,0.1043020760973713,,0.9215549570808799,,,
11,4319,,,0.1070222335250531,,0.9203075019094454,,,
11,4329,,,0.14343860016468385,,0.8991366516080671,,,
11,4339,,,0.1348662827303901,,0.9030424456321836,,,
11,4349,,,0.1538933145770126,,0.895563036839112,,,
11,4359,,,0.10133280373616384,,0.9244079711509828,,,
11,4369,,,0.1569862734826173,,0.8926547390342243,,,
11,4379,,,0.17715253241763754,,0.8842729248273894,,,
11,4389,,,0.12741551959202707,,0.9100048163614074,,,
11,4399,,,0.14598071078312894,,0.8998454134087788,,,
11,4409,,,0.13633389109724262,,0.9063769215884325,,,
11,4419,,,0.08465821697986523,,0.9348701949352324,,,
11,4429,,,0.16167355502351458,,0.892139965627497,,,
11,4439,,,0.10187034925008927,,0.9245304587356235,,,
11,4449,,,0.10380433301751424,,0.9238449750988147,,,
11,4459,,,0.09471998921687273,,0.9283803954809456,,,
11,4469,,,0.10896840129905563,,0.9194579641312597,,,
11,4479,,,0.1205649732757034,,0.9138505868704551,,,
11,4489,,,0.14690907247541288,,0.896344376128462,,,
11,4499,,,0.15218511732125944,,0.8970920927345846,,,
11,4499,,,,,,0.13923439383506775,0.282850980758667,0.9032995104789734
11,4499,,,0.1521851122379303,0.366665780544281,0.9073532819747925,,,
12,4509,,,0.13669666646735784,,0.9058205952266357,,,
12,4519,,,0.1307652287082467,,0.90621074554905,,,
12,4529,,,0.13286820425767865,,0.9062126465908542,,,
12,4539,,,0.163361969048031,,0.8956337253664267,,,
12,4549,,,0.1367735796056301,,0.9023009172809545,,,
12,4559,,,0.13574435523103623,,0.9035773672646771,,,
12,4569,,,0.12418709585986003,,0.9113974684825873,,,
12,4579,,,0.11183301357778877,,0.9175892935461443,,,
12,4589,,,0.10311864595765977,,0.9251694642758164,,,
12,4599,,,0.12692332283407792,,0.9087417828866973,,,
12,4609,,,0.14397076155368027,,0.9015876668165773,,,
12,4619,,,0.12918477010157958,,0.9067557770878039,,,
12,4629,,,0.15168354837929693,,0.8982054132612622,,,
12,4639,,,0.1546611493264205,,0.8963418446708513,,,
12,4649,,,0.0989853521649029,,0.925567744250423,,,
12,4659,,,0.13689208801443098,,0.9058733309457707,,,
12,4669,,,0.10214174717631955,,0.9234653219629423,,,
12,4679,,,0.1277712682582762,,0.9112984478081425,,,
12,4689,,,0.20901975625195787,,0.8694272496947384,,,
12,4699,,,0.12316605447050717,,0.9120736304697594,,,
12,4709,,,0.0953471582798122,,0.9277236108702511,,,
12,4719,,,0.15245790458147968,,0.8988557350806426,,,
12,4729,,,0.1359731501781171,,0.9053663760426077,,,
12,4739,,,0.12473710684654504,,0.9115802711015042,,,
12,4749,,,0.13800008212525336,,0.901803760406684,,,
12,4759,,,0.1577740255206997,,0.8938218253773329,,,
12,4769,,,0.13571710150138405,,0.9027273100813165,,,
12,4779,,,0.13701993013602468,,0.9028185898392891,,,
12,4789,,,0.13209929497224865,,0.9055712425602174,,,
12,4799,,,0.10976872715356191,,0.9198589501677866,,,
12,4809,,,0.12353442194008013,,0.9118879817904529,,,
12,4819,,,0.10831863244922305,,0.9238271960200322,,,
12,4829,,,0.12376987226876193,,0.9100119322833742,,,
12,4839,,,0.10251343026346063,,0.9228115069037384,,,
12,4849,,,0.11697981345567579,,0.9147186248328504,,,
12,4859,,,0.14212943905834102,,0.9014359025286638,,,
12,4869,,,0.1708603842445406,,0.8894966328794297,,,
12,4874,,,,,,0.14337493479251862,0.2500738501548767,0.9012274742126465
12,4874,,,0.11843143403530121,0.3809264898300171,0.9082888960838318,,,
13,4879,,,0.13741608981578968,,0.9046077319632484,,,
13,4889,,,0.12738406737386976,,0.9088235220185379,,,
13,4899,,,0.14949235228523472,,0.8969370616646114,,,
13,4909,,,0.12721875413990574,,0.9098302285499711,,,
13,4919,,,0.15996230797027722,,0.890444049878793,,,
13,4929,,,0.08903405878441308,,0.9332111526125854,,,
13,4939,,,0.17389880521759923,,0.8876085851187475,,,
13,4949,,,0.15606793188948384,,0.8921377468619834,,,
13,4959,,,0.12892841468135863,,0.9090700901386441,,,
13,4969,,,0.14873930849621614,,0.8960134909017001,,,
13,4979,,,0.10155406260924027,,0.9253338636047883,,,
13,4989,,,0.1271836767076455,,0.9085497296934891,,,
13,4999,,,0.1661120664228366,,0.8872762013121577,,,
13,5009,,,0.1181945267390263,,0.9143279928209872,,,
13,5019,,,0.10017710894595312,,0.9244358160159305,,,
13,5029,,,0.1634095792343438,,0.8902523911519786,,,
13,5039,,,0.09899292435355567,,0.9262319547843952,,,
13,5049,,,0.10100281633297564,,0.9260396228976785,,,
13,5059,,,0.13948301642925887,,0.9017396166882915,,,
13,5069,,,0.0966748588187549,,0.9276941590890004,,,
13,5079,,,0.07898152224367147,,0.9398553901860311,,,
13,5089,,,0.1152734690656203,,0.9167417607274704,,,
13,5099,,,0.1461449214799011,,0.8989908490754162,,,
13,5109,,,0.11599146683022134,,0.9170097730752942,,,
13,5119,,,0.09671388237104722,,0.9265136263673174,,,
13,5129,,,0.10365679059494702,,0.9230599562828665,,,
13,5139,,,0.14643980135967907,,0.8999026583834414,,,
13,5149,,,0.16845938190713933,,0.8847707850789472,,,
13,5159,,,0.16201845958515743,,0.8946205232032012,,,
13,5169,,,0.10359481007288794,,0.9233542504930996,,,
13,5179,,,0.11833624695881015,,0.9121300240634854,,,
13,5189,,,0.1421520634864534,,0.9000938476083358,,,
13,5199,,,0.17988759876609478,,0.8819205943095745,,,
13,5209,,,0.11151548724898896,,0.9185659407086487,,,
13,5219,,,0.11646594274162757,,0.9158640948981629,,,
13,5229,,,0.11668547141691382,,0.9156604802572161,,,
13,5239,,,0.10692792015049712,,0.9219512982538157,,,
13,5249,,,0.12118463045630233,,0.9137766542811498,,,
13,5249,,,,,,0.13974922895431519,0.2793436348438263,0.9029992818832397
13,5249,,,0.12118463218212128,0.38978904485702515,0.9089640378952026,,,
14,5259,,,0.10297629818436133,,0.9231563157399315,,,
14,5269,,,0.14805618711352964,,0.8978635858027366,,,
14,5279,,,0.10226937101851793,,0.9258152009790366,,,
14,5289,,,0.12862411902437776,,0.9103389705077259,,,
14,5299,,,0.1390264241392814,,0.9014316257537531,,,
14,5309,,,0.13290173946420394,,0.9056846187595696,,,
14,5319,,,0.1474950176533298,,0.8999502846879466,,,
14,5329,,,0.09257622294068664,,0.9293372418023539,,,
14,5339,,,0.16941637663306006,,0.8917623459984595,,,
14,5349,,,0.13625478826284287,,0.9038692606198921,,,
14,5359,,,0.09632484028896746,,0.9280479022889538,,,
14,5369,,,0.12760637899055888,,0.9084360562867286,,,
14,5379,,,0.12236033629993304,,0.9105707732722159,,,
14,5389,,,0.14848328311636716,,0.8984755453141053,,,
14,5399,,,0.142161781176711,,0.9017865743043743,,,
14,5409,,,0.08645548961914552,,0.93414616914381,,,
14,5419,,,0.10011381628809243,,0.9252989266662565,,,
14,5429,,,0.12934094276559177,,0.9088631584893709,,,
14,5439,,,0.11153814321349367,,0.9197181664928916,,,
14,5449,,,0.11217597590226569,,0.9172372866450852,,,
14,5459,,,0.13740532598964372,,0.9051344301551397,,,
14,5469,,,0.1389072155576196,,0.9025295871535053,,,
14,5479,,,0.11710068938855536,,0.914006107314673,,,
14,5489,,,0.17503398223342848,,0.8819078785624695,,,
14,5499,,,0.13268849473599154,,0.9063456158378662,,,
14,5509,,,0.12093263396832477,,0.912482244136612,,,
14,5519,,,0.10084687518662294,,0.9251204486662209,,,
14,5529,,,0.1913751887507127,,0.875376938964513,,,
14,5539,,,0.14342170492120693,,0.9006666041039686,,,
14,5549,,,0.12407393030254973,,0.9104317227601881,,,
14,5559,,,0.11735133768843657,,0.9191786701036808,,,
14,5569,,,0.13368520244283277,,0.9051592390413352,,,
14,5579,,,0.10519508819417453,,0.9217277204091792,,,
14,5589,,,0.1282368937227942,,0.9068886194406085,,,
14,5599,,,0.13210166469610926,,0.9064494915723977,,,
14,5609,,,0.1331109066395869,,0.9044832556725707,,,
14,5619,,,0.14222436883436654,,0.9008129746716483,,,
14,5624,,,,,,0.1389329433441162,0.28509894013404846,0.9035278558731079
14,5624,,,0.13051766157150269,0.3972426950931549,0.9096469879150391,,,
15,5629,,,0.1033972452596306,,0.9248807540194735,,,
15,5639,,,0.16957679893534422,,0.890513643633891,,,
15,5649,,,0.12767066915366687,,0.9091720004601087,,,
15,5659,,,0.1060854011335931,,0.922369617149115,,,
15,5669,,,0.13822882096951306,,0.9031651713561085,,,
15,5679,,,0.15060115280594275,,0.8961909987939864,,,
15,5689,,,0.11196845430890107,,0.9192993553103321,,,
15,5699,,,0.11742474536653592,,0.9149841227762388,,,
15,5709,,,0.128003100994998,,0.9071339911658286,,,
15,5719,,,0.12006933241995033,,0.9144636621652484,,,
15,5729,,,0.12837026351441874,,0.9098291058585777,,,
15,5739,,,0.1148295721302797,,0.9159998397172965,,,
15,5749,,,0.10165120225778454,,0.9228414753094869,,,
15,5759,,,0.1032215626991766,,0.9241970006366258,,,
15,5769,,,0.16307772284533167,,0.8884624847800764,,,
15,5779,,,0.12103546191042464,,0.9145970192350101,,,
15,5789,,,0.09925195452620342,,0.9247039195053424,,,
15,5799,,,0.1226413747430491,,0.9112489010909275,,,
15,5809,,,0.10009485861930004,,0.9254940776830183,,,
15,5819,,,0.10144837487125294,,0.9228039432229711,,,
15,5829,,,0.10775193994176659,,0.9201478974587725,,,
15,5839,,,0.1614273719253991,,0.8902231026492852,,,
15,5849,,,0.17675901120259574,,0.8864325512246848,,,
15,5859,,,0.09996988908146097,,0.9267513778399413,,,
15,5869,,,0.10957269521956041,,0.9191934437661122,,,
15,5879,,,0.18116559851566644,,0.8835304642136759,,,
15,5889,,,0.1195465954066767,,0.9132918196010402,,,
15,5899,,,0.14583477683217605,,0.8991372983513188,,,
15,5909,,,0.11790180450972139,,0.9146114626906895,,,
15,5919,,,0.10468527596744115,,0.9224906349465624,,,
15,5929,,,0.12634530346439818,,0.9161527329144995,,,
15,5939,,,0.10394799273903096,,0.9226103273257769,,,
15,5949,,,0.14357782711629627,,0.904802885634824,,,
15,5959,,,0.14312931352914748,,0.9008221401641222,,,
15,5969,,,0.1315239416277741,,0.9072406372944135,,,
15,5979,,,0.14089544299492673,,0.9055395904290376,,,
15,5989,,,0.14691790156777187,,0.8987777675301254,,,
15,5999,,,0.1319248015912064,,0.905080553114272,,,
15,5999,,,,,,0.1397094875574112,0.27784913778305054,0.9031851887702942
15,5999,,,0.1319248080253601,0.40676072239875793,0.9103984832763672,,,
16,6009,,,0.11192089143880735,,0.9179167188214863,,,
16,6019,,,0.12081590896066689,,0.9131478055843731,,,
16,6029,,,0.10887031811223946,,0.9221575394708678,,,
16,6039,,,0.11115567998895261,,0.9180884895324485,,,
16,6049,,,0.19119698991747688,,0.8776757871934079,,,
16,6059,,,0.13530053211769044,,0.9096330054614521,,,
16,6069,,,0.1161230102355271,,0.9162644390833147,,,
16,6079,,,0.11977777064025272,,0.9113781445017854,,,
16,6089,,,0.10582980182531981,,0.9232503192879531,,,
16,6099,,,0.13331635721179277,,0.9072987344218107,,,
16,6109,,,0.16261745273463563,,0.8886692060464636,,,
16,6119,,,0.11299115965635803,,0.9173233540356497,,,
16,6129,,,0.211439503134881,,0.8704827440344356,,,
16,6139,,,0.12692698629814392,,0.9109422893463008,,,
16,6149,,,0.11249823630361203,,0.9181966152713982,,,
16,6159,,,0.09629389069715778,,0.9284297898976954,,,
16,6169,,,0.12330664054253929,,0.9126014315008727,,,
16,6179,,,0.12034945547987647,,0.9139124795808956,,,
16,6189,,,0.1108635484579838,,0.9198582394147541,,,
16,6199,,,0.09860696694107628,,0.9251851334111431,,,
16,6209,,,0.09842702981374106,,0.9267227295215791,,,
16,6219,,,0.11727375583736573,,0.9161620329565234,,,
16,6229,,,0.12914368049703806,,0.9100876227626611,,,
16,6239,,,0.10589916591117182,,0.9227621408642898,,,
16,6249,,,0.1321256046294833,,0.9067939219625494,,,
16,6259,,,0.14998875808382098,,0.9002951143258133,,,
16,6269,,,0.18263932610611108,,0.8767422064544731,,,
16,6279,,,0.1338938630068095,,0.9084366583270278,,,
16,6289,,,0.16674870814913095,,0.8888650245810286,,,
16,6299,,,0.12274607986913297,,0.9125227651323785,,,
16,6309,,,0.15418529739877343,,0.8999036403328321,,,
16,6319,,,0.11021908885483936,,0.9186070900524198,,,
16,6329,,,0.09142226961651612,,0.9299899708487582,,,
16,6339,,,0.11625455193855752,,0.9168983136362974,,,
16,6349,,,0.0944658990099296,,0.9289830824227637,,,
16,6359,,,0.1657245198040334,,0.8898304025512938,,,
16,6369,,,0.14711253494075743,,0.8999676327380859,,,
16,6374,,,,,,0.13753652572631836,0.2956172823905945,0.9042494297027588
16,6374,,,0.1127815842628479,0.41696858406066895,0.9113003015518188,,,
17,6379,,,0.1258586739679627,,0.9115837436671966,,,
17,6389,,,0.11554415036162312,,0.9160179452881779,,,
17,6399,,,0.13535950214524745,,0.9055130351701429,,,
17,6409,,,0.0917446386465616,,0.9297261958968291,,,
17,6419,,,0.12927672348815722,,0.909942532039348,,,
17,6429,,,0.09251905402599041,,0.9312080021777605,,,
17,6439,,,0.09039698452416171,,0.9311483996759878,,,
17,6449,,,0.09570027179841363,,0.9283729755759802,,,
17,6459,,,0.113472724825938,,0.9191820295949091,,,
17,6469,,,0.13928829936469259,,0.9012462377977476,,,
17,6479,,,0.09409979558139187,,0.9274989227406238,,,
17,6489,,,0.1197069800778068,,0.9139824271340847,,,
17,6499,,,0.13757917733548958,,0.9018530823614209,,,
17,6509,,,0.14818354858828708,,0.8970473600206772,,,
17,6519,,,0.11507626375386065,,0.915367718039902,,,
17,6529,,,0.09385800892514846,,0.9288610542394365,,,
17,6539,,,0.11354433414291754,,0.9168942696452592,,,
17,6549,,,0.1397596002584726,,0.9035278195787843,,,
17,6559,,,0.10623360944752339,,0.9233067726064598,,,
17,6569,,,0.1526089215355636,,0.895759577989224,,,
17,6579,,,0.09681534075757733,,0.9273434085907712,,,
17,6589,,,0.19468145056338407,,0.874990264058507,,,
17,6599,,,0.11623433141685195,,0.9163850467955712,,,
17,6609,,,0.12486116023236998,,0.9133417835836144,,,
17,6619,,,0.11319754023959588,,0.9189522236006121,,,
17,6629,,,0.0899765014513334,,0.9310827438869214,,,
17,6639,,,0.15052602308845076,,0.895747262161756,,,
17,6649,,,0.11716078800205088,,0.9156825885176052,,,
17,6659,,,0.1326013194102295,,0.9078951883645768,,,
17,6669,,,0.1652185419096453,,0.893275843071619,,,
17,6679,,,0.12798120144735586,,0.9114456164713886,,,
17,6689,,,0.12590060971689299,,0.9121175819320871,,,
17,6699,,,0.10975020907762609,,0.9202459759547384,,,
17,6709,,,0.1287857123130134,,0.907948510619905,,,
17,6719,,,0.1422217930374397,,0.9014186392988516,,,
17,6729,,,0.1471903148439981,,0.8983111228768541,,,
17,6739,,,0.1362542667297829,,0.9044388107857856,,,
17,6749,,,0.1103929568843549,,0.9192507873537216,,,
17,6749,,,,,,0.14115720987319946,0.2664637565612793,0.902368426322937
17,6749,,,0.11039295792579651,0.4207707345485687,0.9114882349967957,,,
18,6759,,,0.13170602571774023,,0.9086214904061954,,,
18,6769,,,0.113585843504236,,0.9179246117336353,,,
18,6779,,,0.17860761630372793,,0.8905204980510868,,,
18,6789,,,0.1168719866561849,,0.9141437578560719,,,
18,6799,,,0.10313665667450198,,0.9255351644064701,,,
18,6809,,,0.12810808281397074,,0.906995024573564,,,
18,6819,,,0.1220726693893651,,0.9146038925283599,,,
18,6829,,,0.11130550090046554,,0.919915365430567,,,
18,6839,,,0.14759294184807864,,0.8980785088683418,,,
18,6849,,,0.1101008618897111,,0.9204708592222433,,,
18,6859,,,0.14072566556031152,,0.9016729837754613,,,
18,6869,,,0.1115117432082313,,0.9205798199156269,,,
18,6879,,,0.142051683504722,,0.9014641796370085,,,
18,6889,,,0.10816198597470364,,0.9217795354644543,,,
18,6899,,,0.12196500823789247,,0.9110474462715229,,,
18,6909,,,0.13545562385037296,,0.9049794280306843,,,
18,6919,,,0.1425380367528195,,0.903979304313079,,,
18,6929,,,0.11490129218683896,,0.915363244086939,,,
18,6939,,,0.10384810098879181,,0.9222167425742468,,,
18,6949,,,0.11729034743846724,,0.914763079360263,,,
18,6959,,,0.11670847802230078,,0.9151538648506369,,,
18,6969,,,0.12978036271159873,,0.9103759899011508,,,
18,6979,,,0.10305597035929889,,0.9233555766319351,,,
18,6989,,,0.09604315703442155,,0.9268520151133703,,,
18,6999,,,0.10858413132830393,,0.9197983448062104,,,
18,7009,,,0.10455566123705601,,0.9233251571870238,,,
18,7019,,,0.1351944437480506,,0.9042804684344948,,,
18,7029,,,0.09239035545280005,,0.9305353652804987,,,
18,7039,,,0.11090298441239288,,0.9197880249497354,,,
18,7049,,,0.08660865272171693,,0.9338212213728093,,,
18,7059,,,0.09366454416841383,,0.9284617156406973,,,
18,7069,,,0.11395109948516069,,0.919160540887937,,,
18,7079,,,0.13868644358506016,,0.9029291419545733,,,
18,7089,,,0.10232810821428603,,0.9242386078549334,,,
18,7099,,,0.15345178171471063,,0.8951699823006846,,,
18,7109,,,0.15648054269646722,,0.8942857911628047,,,
18,7119,,,0.1478844234094671,,0.8985990711102856,,,
18,7124,,,,,,0.13682013750076294,0.29870468378067017,0.9047461152076721
18,7124,,,0.12301970273256302,0.4397936165332794,0.9130666851997375,,,
19,7129,,,0.14195685375770475,,0.9000702989208132,,,
19,7139,,,0.13744772449806666,,0.903427036221809,,,
19,7149,,,0.0988294718817331,,0.9248161803504426,,,
19,7159,,,0.09478304880446664,,0.9280587344489617,,,
19,7169,,,0.10384968257788565,,0.9219096218420131,,,
19,7179,,,0.13879018029214488,,0.903233571070612,,,
19,7189,,,0.1225784926158835,,0.9128114582952598,,,
19,7199,,,0.09461987521185922,,0.9294306152080244,,,
19,7209,,,0.12763026522131543,,0.9087034807865548,,,
19,7219,,,0.09582847167126023,,0.9279555174142298,,,
19,7229,,,0.12621343687796438,,0.9115974577313544,,,
19,7239,,,0.16310810597231046,,0.8919890605975487,,,
19,7249,,,0.10885317187443828,,0.9200579607681704,,,
19,7259,,,0.10805126979504934,,0.9203284917334758,,,
19,7269,,,0.1162206721005084,,0.9170623337934717,,,
19,7279,,,0.13657945184986262,,0.9051957157003722,,,
19,7289,,,0.13295278762177926,,0.9057457205247896,,,
19,7299,,,0.13024899656225117,,0.9076744759597344,,,
19,7309,,,0.10659603273692872,,0.9223703279291582,,,
19,7319,,,0.13507162519729177,,0.9077581260389487,,,
19,7329,,,0.10336569231330879,,0.9238509385270437,,,
19,7339,,,0.08829884597165492,,0.9341328254612867,,,
19,7349,,,0.10739174797448275,,0.9221266118444388,,,
19,7359,,,0.1397840364691985,,0.9023042677062553,,,
19,7369,,,0.12994985424394062,,0.9076910212894668,,,
19,7379,,,0.14474711856135491,,0.8998158153929374,,,
19,7389,,,0.14652687804391257,,0.8989050126602136,,,
19,7399,,,0.11352719903512018,,0.9158696331086997,,,
19,7409,,,0.10813054352832384,,0.9202032191924199,,,
19,7419,,,0.10042373213207716,,0.9246953340625133,,,
19,7429,,,0.1044336529373949,,0.9237724664982907,,,
19,7439,,,0.1341070419589243,,0.9041251930752117,,,
19,7449,,,0.12429748700146054,,0.9116853777937683,,,
19,7459,,,0.14269887285737726,,0.9061965598837709,,,
19,7469,,,0.11546579342887252,,0.916073455388898,,,
19,7479,,,0.14241851263805322,,0.9009351159479801,,,
19,7489,,,0.10598904888094186,,0.9223458727689829,,,
19,7499,,,0.11232782297970804,,0.9176303891083823,,,
19,7499,,,,,,0.14135558903217316,0.2644989490509033,0.9022919535636902
19,7499,,,0.11232782155275345,0.4427322745323181,0.913495659828186,,,
20,7509,,,0.10520532110193331,,0.924568001231757,,,
20,7519,,,0.1338749525632862,,0.9045828338767865,,,
20,7529,,,0.14224187951020367,,0.9011764323739473,,,
20,7539,,,0.09728548319285799,,0.9259048850802991,,,
20,7549,,,0.15351207076829354,,0.8939520492991815,,,
20,7559,,,0.12196235681480531,,0.9123624754650157,,,
20,7569,,,0.10999259084288486,,0.9186571687579836,,,
20,7579,,,0.11570295937888589,,0.91655125535356,,,
20,7589,,,0.11588383178239331,,0.9166650903501959,,,
20,7599,,,0.12990690554123743,,0.9106865671051749,,,
20,7609,,,0.1402206284383636,,0.9055917527524338,,,
20,7619,,,0.10436723983550136,,0.9217417679439646,,,
20,7629,,,0.1474706538877751,,0.897890299244438,,,
20,7639,,,0.11387941384872388,,0.9163399440869846,,,
20,7649,,,0.14118754993846036,,0.9027039846065303,,,
20,7659,,,0.11765944497285152,,0.9145764301148264,,,
20,7669,,,0.16529094016279272,,0.896136126643098,,,
20,7679,,,0.0978382768687847,,0.9261446079910288,,,
20,7689,,,0.1303013242322583,,0.9064371130518587,,,
20,7699,,,0.10304031278552354,,0.9251570602369416,,,
20,7709,,,0.0972611812850108,,0.9268755159016524,,,
20,7719,,,0.11242460033530022,,0.916156282310862,,,
20,7729,,,0.11307961225629504,,0.9162592890035515,,,
20,7739,,,0.15963124580669139,,0.890658311715144,,,
20,7749,,,0.11148982028404927,,0.9171950776166591,,,
20,7759,,,0.15297169439710862,,0.8966298543762518,,,
20,7769,,,0.15943761796400607,,0.8940565167693476,,,
20,7779,,,0.1176222796893535,,0.9175644365326323,,,
20,7789,,,0.14861699893720823,,0.8968190609608099,,,
20,7799,,,0.18608853049734342,,0.8814460899493399,,,
20,7809,,,0.14715446565083373,,0.9015236760837055,,,
20,7819,,,0.11887522603261334,,0.9147968802449273,,,
20,7829,,,0.11179582614513427,,0.9179187048178813,,,
20,7839,,,0.11292865769747043,,0.9188917525164918,,,
20,7849,,,0.12811022608319073,,0.9101962862704487,,,
20,7859,,,0.11770676915925402,,0.9169357914164386,,,
20,7869,,,0.13164203072208577,,0.9077964257225114,,,
20,7874,,,,,,0.1408066600561142,0.2697465121746063,0.902576208114624
20,7874,,,0.13434238731861115,0.4479798972606659,0.9136772751808167,,,
21,7879,,,0.13291363549066335,,0.9078672109701696,,,
21,7889,,,0.11314724517035038,,0.9157030584199075,,,
21,7899,,,0.11977444704635025,,0.9142886756882712,,,
21,7909,,,0.08840172055447774,,0.9348718775910088,,,
21,7919,,,0.10517171358862601,,0.9244456076817662,,,
21,7929,,,0.10706654223927142,,0.9202040283375048,,,
21,7939,,,0.08867941390191023,,0.9323270156818235,,,
21,7949,,,0.09994400115467027,,0.9269249666172857,,,
21,7959,,,0.09302175321691772,,0.9286299847515948,,,
21,7969,,,0.12824778108041435,,0.9080654800539669,,,
21,7979,,,0.09238985908309888,,0.9305256167907803,,,
21,7989,,,0.18548673579395614,,0.8758933046011568,,,
21,7999,,,0.11248658382084654,,0.9200642434852835,,,
21,8009,,,0.10519505044203956,,0.9236243219716311,,,
21,8019,,,0.10640838931818142,,0.9242832601260174,,,
21,8029,,,0.1156528671416083,,0.9189516028661451,,,
21,8039,,,0.1278441086841187,,0.9109255560206092,,,
21,8049,,,0.10830500688976358,,0.9228739328677177,,,
21,8059,,,0.10690568493309109,,0.9215862506853849,,,
21,8069,,,0.14541859569008891,,0.9025471314450282,,,
21,8079,,,0.10323832050485002,,0.9234623025719134,,,
21,8089,,,0.07744795164083693,,0.9394479496264799,,,
21,8099,,,0.14416401797331574,,0.90152971466167,,,
21,8109,,,0.12532370802124884,,0.9104532344280712,,,
21,8119,,,0.15267394897574652,,0.8932464279672415,,,
21,8129,,,0.1076422987896729,,0.9221411128938712,,,
21,8139,,,0.15153554892829285,,0.8958909790071105,,,
21,8149,,,0.08854220731001834,,0.9324985247406278,,,
21,8159,,,0.15316045374046283,,0.8952300152943203,,,
21,8169,,,0.1408582543033166,,0.9017362454475204,,,
21,8179,,,0.11000695615042419,,0.9202269112294762,,,
21,8189,,,0.0977173766691194,,0.9257060219209992,,,
21,8199,,,0.09965238692124806,,0.9256717137901512,,,
21,8209,,,0.1301509004138557,,0.9103125610708064,,,
21,8219,,,0.12445474198673909,,0.9090591284406944,,,
21,8229,,,0.1319583928422979,,0.9062031014158898,,,
21,8239,,,0.1465088285503367,,0.8984522445460209,,,
21,8249,,,0.13422461893523432,,0.9054254208208788,,,
21,8249,,,,,,0.13716217875480652,0.29842308163642883,0.9044889807701111
21,8249,,,0.13422462344169617,0.4585716128349304,0.9149194359779358,,,
22,8259,,,0.1002858034736556,,0.9262744822016435,,,
22,8269,,,0.09509005183416798,,0.9279963256309833,,,
22,8279,,,0.10024967885857003,,0.9246392226755051,,,
22,8289,,,0.11440734290517053,,0.9151881953625811,,,
22,8299,,,0.12872538760867602,,0.9097409049316774,,,
22,8309,,,0.11839826542729216,,0.9134699246273933,,,
22,8319,,,0.12188317647444427,,0.9117916224994022,,,
22,8329,,,0.1455254913816142,,0.8995484691525981,,,
22,8339,,,0.08718728851135162,,0.932490927218056,,,
22,8349,,,0.11776626573772123,,0.9178375339276008,,,
22,8359,,,0.14451735691380485,,0.8995722013593848,,,
22,8369,,,0.11845786590815813,,0.9140107875551882,,,
22,8379,,,0.14187968701937062,,0.9020046493935012,,,
22,8389,,,0.12983511798076497,,0.9082813370779538,,,
22,8399,,,0.11530393269222192,,0.9168207616661377,,,
22,8409,,,0.11287603276138491,,0.917487625989695,,,
22,8419,,,0.12600098289785847,,0.911685494674844,,,
22,8429,,,0.11206492922370886,,0.9187990798812262,,,
22,8439,,,0.1028825534627443,,0.9238385210810606,,,
22,8449,,,0.10689705987205432,,0.9217455977580735,,,
22,8459,,,0.11941410708677602,,0.9162769814736639,,,
22,8469,,,0.1304596808758846,,0.9086452291035014,,,
22,8479,,,0.13631635654433347,,0.9065737964986417,,,
22,8489,,,0.11139334561864049,,0.92116630378419,,,
22,8499,,,0.10306443406321013,,0.9229766511872559,,,
22,8509,,,0.09230997993054145,,0.929813329966346,,,
22,8519,,,0.07910917335432169,,0.9391822615099747,,,
22,8529,,,0.0998326208411478,,0.9255523688328703,,,
22,8539,,,0.09975395960176942,,0.9248666351192276,,,
22,8549,,,0.1042701150737779,,0.9223260779171507,,,
22,8559,,,0.11532889276015659,,0.9168324822242668,,,
22,8569,,,0.11114114702271351,,0.9176613113839353,,,
22,8579,,,0.11718501436601125,,0.9152832189858607,,,
22,8589,,,0.10561384035361995,,0.922325922401888,,,
22,8599,,,0.08763608779012541,,0.933938148322484,,,
22,8609,,,0.10923666187273745,,0.9202785337992389,,,
22,8619,,,0.1296280828309001,,0.9064786890409268,,,
22,8624,,,,,,0.1390867978334427,0.28244832158088684,0.9035703539848328
22,8624,,,0.11327663064002991,0.4636690318584442,0.9154413938522339,,,
23,8629,,,0.09785605901217312,,0.9268962188394377,,,
23,8639,,,0.08583654714626154,,0.9340229831942269,,,
23,8649,,,0.09942851874400785,,0.9267868753042946,,,
23,8659,,,0.12932120080772186,,0.9095140256696268,,,
23,8669,,,0.12591874564548267,,0.9138949540175784,,,
23,8679,,,0.0900692909789266,,0.9312421672321624,,,
23,8689,,,0.08131957696335025,,0.9370865244264655,,,
23,8699,,,0.11923927813993447,,0.914138833281854,,,
23,8709,,,0.08227453450985123,,0.9367645258019743,,,
23,8719,,,0.14124791004296824,,0.9020843639816678,,,
23,8729,,,0.14033937572534289,,0.904502264445842,,,
23,8739,,,0.1279459450480865,,0.9075978304281166,,,
23,8749,,,0.09361087589500743,,0.928807185709973,,,
23,8759,,,0.12431732361597397,,0.9108142803299114,,,
23,8769,,,0.11599635172406528,,0.9146233996108213,,,
23,8779,,,0.09416686185162645,,0.927159423567928,,,
23,8789,,,0.13442373463773552,,0.9059450832145691,,,
23,8799,,,0.1420942631184341,,0.9025784051631367,,,
23,8809,,,0.07718461846603067,,0.9392502243687212,,,
23,8819,,,0.113514773612416,,0.9175680799298238,,,
23,8829,,,0.11093115330610431,,0.9182776792723084,,,
23,8839,,,0.07549155828866724,,0.9396846703080974,,,
23,8849,,,0.11613469901358184,,0.9163014448604517,,,
23,8859,,,0.13800174353581102,,0.9044536307252024,,,
23,8869,,,0.12749715358371702,,0.9105604225292186,,,
23,8879,,,0.11651879229377263,,0.915894119863807,,,
23,8889,,,0.18605651712783594,,0.8761364301847749,,,
23,8899,,,0.10819368356314886,,0.9216811248016286,,,
23,8909,,,0.1261824829544638,,0.9103072131074564,,,
23,8919,,,0.11904331569963342,,0.9147431504023278,,,
23,8929,,,0.1368779897063217,,0.9061187358368098,,,
23,8939,,,0.1500217650274875,,0.8985021202280956,,,
23,8949,,,0.12266880204867651,,0.9134674252756929,,,
23,8959,,,0.10133975083230597,,0.9249122853700193,,,
23,8969,,,0.10802636512136352,,0.9186738435904346,,,
23,8979,,,0.10282988884906769,,0.9235073971095183,,,
23,8989,,,0.1271450826613622,,0.909778307108006,,,
23,8999,,,0.1069648558788185,,0.9229430064798781,,,
23,8999,,,,,,0.137226402759552,0.29681310057640076,0.9044632911682129
23,8999,,,0.10696485638618469,0.481329083442688,0.916619598865509,,,
24,9009,,,0.1201951182583247,,0.9128352186562756,,,
24,9019,,,0.08801397076938282,,0.9323529558746451,,,
24,9029,,,0.12402859668349656,,0.9114711656029413,,,
24,9039,,,0.11598040262788151,,0.9158418998750234,,,
24,9049,,,0.11910760465569356,,0.9151206715395732,,,
24,9059,,,0.08463690006713645,,0.9338445950656811,,,
24,9069,,,0.11982727206458113,,0.9141547122806594,,,
24,9079,,,0.10772959157446858,,0.9201859332956857,,,
24,9089,,,0.11031992444565053,,0.9191411730228471,,,
24,9099,,,0.1113308493597572,,0.9198637781469515,,,
24,9109,,,0.12432890512340075,,0.9108055204070248,,,
24,9119,,,0.13021346596270117,,0.9077148677659567,,,
24,9129,,,0.11775451072661745,,0.9185551265176438,,,
24,9139,,,0.09366227691274628,,0.9282009512993946,,,
24,9149,,,0.10908862839182704,,0.9213862754500584,,,
24,9159,,,0.10841303376843864,,0.9185837441582894,,,
24,9169,,,0.11043231800574754,,0.9215646063903213,,,
24,9179,,,0.1034938056503576,,0.9247507233058221,,,
24,9189,,,0.08679619223115839,,0.9340811163952488,,,
24,9199,,,0.11972655154197248,,0.9139064788050368,,,
24,9209,,,0.12743357645758396,,0.9101289565825665,,,
24,9219,,,0.0930452530756703,,0.9295891722376027,,,
24,9229,,,0.13329448341127537,,0.9100577919165791,,,
24,9239,,,0.11584809177998492,,0.9167962989703353,,,
24,9249,,,0.09383828770962152,,0.9302718106510672,,,
24,9259,,,0.112747538468321,,0.9207032291958052,,,
24,9269,,,0.10592344676442396,,0.9238753366524706,,,
24,9279,,,0.1081450871776162,,0.9209879624654641,,,
24,9289,,,0.10883765220195148,,0.9211122056340495,,,
24,9299,,,0.10790190791065486,,0.9239265556530614,,,
24,9309,,,0.09992437539277108,,0.925442651318346,,,
24,9319,,,0.1317397799917281,,0.9089536990772282,,,
24,9329,,,0.15558386789188144,,0.8958495674736606,,,
24,9339,,,0.13423756146207472,,0.9072121159015285,,,
24,9349,,,0.11469629310690098,,0.918641895017261,,,
24,9359,,,0.16912561389242864,,0.8893479744211245,,,
24,9369,,,0.12171109536078913,,0.9107478740089837,,,
24,9374,,,,,,0.13669073581695557,0.302349716424942,0.9046907424926758
24,9374,,,0.13342022895812988,0.4849873185157776,0.9171726703643799,,,
25,9379,,,0.11720057874666245,,0.9140094309028642,,,
25,9389,,,0.11139383116656641,,0.9186158749805075,,,
25,9399,,,0.0974360277523431,,0.9264169417465153,,,
25,9409,,,0.11277201988893004,,0.9170614035816679,,,
25,9419,,,0.13368911177187576,,0.9073716005028494,,,
25,9429,,,0.12201147274447885,,0.9127428736911074,,,
25,9439,,,0.12566985791633326,,0.9094491622998819,,,
25,9449,,,0.12119469325110203,,0.9115834345676981,,,
25,9459,,,0.13183849934844355,,0.9084992195789534,,,
25,9469,,,0.08582564952534877,,0.935855917406895,,,
25,9479,,,0.10711804107396013,,0.9210734859720608,,,
25,9489,,,0.10682801827837447,,0.9237029998852845,,,
25,9499,,,0.07848421129309849,,0.9375857816293599,,,
25,9509,,,0.11510800095429444,,0.9148187591144608,,,
25,9519,,,0.1008770114426184,,0.9248624711493821,,,
25,9529,,,0.10727741957350603,,0.9229558383769166,,,
25,9539,,,0.12345446245618749,,0.9123908980392944,,,
25,9549,,,0.11345815571193807,,0.9205806931723169,,,
25,9559,,,0.11892585942751457,,0.9152932439449887,,,
25,9569,,,0.15201298295076518,,0.8981504159807783,,,
25,9579,,,0.13613592869951596,,0.9050887250778927,,,
25,9589,,,0.10384865714864693,,0.9231077121955774,,,
25,9599,,,0.08820157037527768,,0.932794433748853,,,
25,9609,,,0.09956339779138432,,0.9256895693955317,,,
25,9619,,,0.08939132861049291,,0.9324579661350265,,,
25,9629,,,0.14386041850466103,,0.9005158411107991,,,
25,9639,,,0.11540439760759805,,0.9181572993116622,,,
25,9649,,,0.10772413848954313,,0.9203584401817912,,,
25,9659,,,0.10906546634234524,,0.9215021464901563,,,
25,9669,,,0.12250600199975527,,0.9099636799428361,,,
25,9679,,,0.12222362231157083,,0.9127746706268324,,,
25,9689,,,0.10009337701346793,,0.9236453486440523,,,
25,9699,,,0.10858948941601411,,0.9199304186485464,,,
25,9709,,,0.08878436558428525,,0.9330270437090726,,,
25,9719,,,0.1279067437203919,,0.9079610636984087,,,
25,9729,,,0.12137812288117622,,0.9139994285755674,,,
25,9739,,,0.0887403181940587,,0.9324058643616043,,,
25,9749,,,0.14276946130831566,,0.9049450508704636,,,
25,9749,,,,,,0.14051008224487305,0.2685067057609558,0.9027161002159119
25,9749,,,0.142769455909729,0.49359753727912903,0.9177362322807312,,,
26,9759,,,0.11498541372390422,,0.916459957962347,,,
26,9769,,,0.10758300984017283,,0.9211818641780666,,,
26,9779,,,0.12528989389900658,,0.9104704506767514,,,
26,9789,,,0.1026230385854724,,0.923219836440928,,,
26,9799,,,0.12145024674691811,,0.9135738182118077,,,
26,9809,,,0.14744140523577257,,0.9045350485759119,,,
26,9819,,,0.11826356597401144,,0.9155068450437676,,,
26,9829,,,0.0924966636485568,,0.9318768206868602,,,
26,9839,,,0.12438326925802212,,0.9155165451373882,,,
26,9849,,,0.1360998238203035,,0.9087189759379012,,,
26,9859,,,0.11133280428167783,,0.9175646381468763,,,
26,9869,,,0.11420334322352096,,0.9167654095005588,,,
26,9879,,,0.09480743549697723,,0.9285774559216463,,,
26,9889,,,0.13145309214006615,,0.9064072766574149,,,
26,9899,,,0.11559061873425294,,0.9174186952300551,,,
26,9909,,,0.118259108692608,,0.9135845227868787,,,
26,9919,,,0.09882352118797388,,0.9244654450394669,,,
26,9929,,,0.10815467056823652,,0.9186329734802599,,,
26,9939,,,0.12285235868569974,,0.9130705136908932,,,
26,9949,,,0.11575090889937431,,0.9167291016546812,,,
26,9959,,,0.09142250885707712,,0.9314270773334976,,,
26,9969,,,0.0882328608571269,,0.9323730083554981,,,
26,9979,,,0.09632562594742508,,0.9278574518986366,,,
26,9989,,,0.09701059717257335,,0.9280017504847453,,,
26,9999,,,0.09644321349775488,,0.9267345296326353,,,
26,10009,,,0.11084062760798179,,0.9186163702481254,,,
26,10019,,,0.11154047352335268,,0.918095044685144,,,
26,10029,,,0.11389212399991347,,0.9161731193457485,,,
26,10039,,,0.09000636171350582,,0.9318985860141002,,,
26,10049,,,0.08952512336422347,,0.9313809968909322,,,
26,10059,,,0.08783470089620303,,0.9322567623544354,,,
26,10069,,,0.14818672911110578,,0.8978641761509661,,,
26,10079,,,0.10453571417382025,,0.9207783115085826,,,
26,10089,,,0.12144248883245365,,0.9140316748523882,,,
26,10099,,,0.1381460368395031,,0.9031183569242887,,,
26,10109,,,0.11832947827926873,,0.9127933010950662,,,
26,10119,,,0.09367332643118084,,0.9290621171182363,,,
26,10124,,,,,,0.13968883454799652,0.27702802419662476,0.9030978083610535
26,10124,,,0.1582442969083786,0.5050991773605347,0.9187623858451843,,,
27,10129,,,0.08398008194771614,,0.935249455299131,,,
27,10139,,,0.11058223206594522,,0.9176650051978226,,,
27,10149,,,0.10636983753634326,,0.9219261444375069,,,
27,10159,,,0.10413331842427863,,0.9224186289336582,,,
27,10169,,,0.11610565421751028,,0.9147925419859793,,,
27,10179,,,0.10844337764838986,,0.9208190908210583,,,
27,10189,,,0.1359175239473359,,0.9061010418605991,,,
27,10199,,,0.11109301025788715,,0.9199768447204962,,,
27,10209,,,0.10133796998087903,,0.9238389316221167,,,
27,10219,,,0.08382022044888404,,0.9367056964416336,,,
27,10229,,,0.12743541533670522,,0.9094788971770219,,,
27,10239,,,0.13368774067895406,,0.9071120206854466,,,
27,10249,,,0.11579908982546314,,0.9151916773611203,,,
27,10259,,,0.11386440605753265,,0.9148805448359975,,,
27,10269,,,0.11065093052520958,,0.9186954771761678,,,
27,10279,,,0.1067416675067707,,0.9201547451337196,,,
27,10289,,,0.1558936123735756,,0.8954135054581576,,,
27,10299,,,0.07892757717571655,,0.9374949294422756,,,
27,10309,,,0.1162405265639579,,0.9154123835952287,,,
27,10319,,,0.12472342063949783,,0.9078335872601477,,,
27,10329,,,0.09579910890009671,,0.9272703610058709,,,
27,10339,,,0.10889318040837978,,0.9228777964969892,,,
27,10349,,,0.09791616908809536,,0.9254002717477816,,,
27,10359,,,0.10878139450273383,,0.9188533809641741,,,
27,10369,,,0.08921841920726514,,0.9327189084662602,,,
27,10379,,,0.11914813251603928,,0.9146698465642992,,,
27,10389,,,0.16014494835618182,,0.8906520518059983,,,
27,10399,,,0.11434307561050833,,0.9177612828203371,,,
27,10409,,,0.10514188838166312,,0.921959493508022,,,
27,10419,,,0.10762513207137425,,0.9224451058122991,,,
27,10429,,,0.1536526257951371,,0.8934436598156594,,,
27,10439,,,0.08780385341947566,,0.9341305531689771,,,
27,10449,,,0.13206164173664992,,0.9075300845317578,,,
27,10459,,,0.10357357451277653,,0.9221673052535125,,,
27,10469,,,0.11752228644995996,,0.9136391212312929,,,
27,10479,,,0.1280550139904998,,0.9076752653992414,,,
27,10489,,,0.10114632815234204,,0.9261813314695743,,,
27,10499,,,0.10438174974779299,,0.9236877162693264,,,
27,10499,,,,,,0.13719236850738525,0.29762187600135803,0.9045189023017883
27,10499,,,0.1043817475438118,0.5089626908302307,0.9190365672111511,,,
28,10509,,,0.09976139957635863,,0.9246344495506148,,,
28,10519,,,0.10227350324360868,,0.9254667177112627,,,
28,10529,,,0.13337450287572974,,0.9097518808487441,,,
28,10539,,,0.09288322150460543,,0.9293336612710387,,,
28,10549,,,0.09642956845754752,,0.928150128865284,,,
28,10559,,,0.127584525904815,,0.9084229892351665,,,
28,10569,,,0.12275039320836609,,0.9146468427262363,,,
28,10579,,,0.09462124258342211,,0.9278800793704154,,,
28,10589,,,0.11496840206960773,,0.9204689639949416,,,
28,10599,,,0.10800593855277235,,0.9206109735971354,,,
28,10609,,,0.09034814867489083,,0.9327583873726762,,,
28,10619,,,0.11986515151542981,,0.9135307267658193,,,
28,10629,,,0.13502695470412984,,0.905623794768764,,,
28,10639,,,0.10799580270268903,,0.9220171647242018,,,
28,10649,,,0.15645319076255215,,0.8937494586647564,,,
28,10659,,,0.14034411223992316,,0.9027454119098995,,,
28,10669,,,0.13329273568396635,,0.9044959618848978,,,
28,10679,,,0.16858544412661688,,0.8850919243857444,,,
28,10689,,,0.10057787776613257,,0.9248496636224316,,,
28,10699,,,0.09538740466769768,,0.9292016338031751,,,
28,10709,,,0.1525908724226654,,0.8949373461433696,,,
28,10719,,,0.1135433818565792,,0.9169098636070615,,,
28,10729,,,0.10128330470608513,,0.9236432050220441,,,
28,10739,,,0.10319041879474093,,0.9242848637900287,,,
28,10749,,,0.1045926807774241,,0.9225027332103749,,,
28,10759,,,0.13813268701244275,,0.9079097603033282,,,
28,10769,,,0.08902945680073607,,0.9309434564722975,,,
28,10779,,,0.10862917673303851,,0.9226308706752124,,,
28,10789,,,0.09046585341629057,,0.9309358432393079,,,
28,10799,,,0.1287212725232489,,0.9105400586944976,,,
28,10809,,,0.10670519660304985,,0.9219784939049974,,,
28,10819,,,0.09674721703609557,,0.9268778156789441,,,
28,10829,,,0.08054785877077954,,0.9373501029663912,,,
28,10839,,,0.09293871630815881,,0.9294263992926911,,,
28,10849,,,0.12354381059948394,,0.9117852478404105,,,
28,10859,,,0.11237476135044129,,0.916428504499572,,,
28,10869,,,0.10874380027443475,,0.9229214061740358,,,
28,10874,,,,,,0.1361187845468521,0.3032243251800537,0.9051558971405029
28,10874,,,0.10693735629320145,0.5178241729736328,0.9196805953979492,,,
29,10879,,,0.09939404877370969,,0.926167035753693,,,
29,10889,,,0.10028016688893607,,0.9262307884450378,,,
29,10899,,,0.09140603088833155,,0.9312375628170644,,,
29,10909,,,0.09358570810418781,,0.9289361606516717,,,
29,10919,,,0.10712516439048841,,0.9225868015796782,,,
29,10929,,,0.1067225475639914,,0.9207329832400754,,,
29,10939,,,0.14506076805493112,,0.8992883069546093,,,
29,10949,,,0.11407004017468202,,0.9186921949770626,,,
29,10959,,,0.11306497917437111,,0.9169850798849242,,,
29,10969,,,0.12404620863984187,,0.9119194231048711,,,
29,10979,,,0.10602994435820112,,0.9219912931124534,,,
29,10989,,,0.11565926709711648,,0.9163522235229322,,,
29,10999,,,0.11582695182687752,,0.9178920414266096,,,
29,11009,,,0.1148884996157751,,0.9167040166417716,,,
29,11019,,,0.09008672303255458,,0.9318986930966174,,,
29,11029,,,0.12041355442855432,,0.9131354221682867,,,
29,11039,,,0.10372855748131485,,0.9222287020940644,,,
29,11049,,,0.10440886842116195,,0.9226536019503061,,,
29,11059,,,0.10575046337753306,,0.9203676480442402,,,
29,11069,,,0.08715481597474076,,0.933113292442906,,,
29,11079,,,0.09630011940630887,,0.9289761234050891,,,
29,11089,,,0.09825261342007571,,0.9265024122554795,,,
29,11099,,,0.12692113754538187,,0.9107728375656273,,,
29,11109,,,0.08787493892986045,,0.9315495693724821,,,
29,11119,,,0.11813835216851044,,0.9164780266441065,,,
29,11129,,,0.10375654895134388,,0.9234473730432602,,,
29,11139,,,0.09319375004746773,,0.9294819964959233,,,
29,11149,,,0.10179285392928826,,0.924827865522688,,,
29,11159,,,0.12187166575017609,,0.911596287872611,,,
29,11169,,,0.10591195505117204,,0.9224429531379097,,,
29,11179,,,0.09714955971273452,,0.9271503614138438,,,
29,11189,,,0.07475591807344845,,0.9434456771243027,,,
29,11199,,,0.09528957915334411,,0.9290959603229131,,,
29,11209,,,0.1173573607122092,,0.9148973066447066,,,
29,11219,,,0.14426825199819793,,0.8986336358750602,,,
29,11229,,,0.14364465003913762,,0.9048362995114532,,,
29,11239,,,0.13451126192635304,,0.9039147964015737,,,
29,11249,,,0.0932394176481827,,0.9298689757996599,,,
29,11249,,,,,,0.14453007280826569,0.2377045601606369,0.9005377292633057
29,11249,,,0.09323941916227341,0.524144172668457,0.9204242825508118,,,
30,11250,0.31005021929740906,0.9038604497909546,,,,,,
