epoch,step,train_loss,train_r2,train_racc,valid_loss,valid_r2,valid_racc
0,9,0.8090373190724782,,0.6542589937647183,,,
0,19,0.2715550295208355,,0.8337949054936568,,,
0,29,0.3713682359126649,,0.7909325688766937,,,
0,39,0.30594107532930437,,0.8437881177912157,,,
0,49,0.29918360276925804,,0.8288191004345814,,,
0,59,0.2567602379271208,,0.852351306627194,,,
0,69,0.20692109550410645,,0.8743583106746275,,,
0,79,0.26913748165415763,,0.8454304995636145,,,
0,89,0.2371433236495401,,0.8557998885711033,,,
0,99,0.20119499947686956,,0.8678536067406336,,,
0,109,0.1290244263273107,,0.9068946919093529,,,
0,119,0.17814201371593713,,0.8882605781157812,,,
0,129,0.20018779255595004,,0.875832381968697,,,
0,139,0.17994307371794194,,0.8819657961527506,,,
0,149,0.10159362256277299,,0.922302620485425,,,
0,159,0.1985971635817189,,0.8685036034633715,,,
0,169,0.08460347915748925,,0.9345157649368048,,,
0,179,0.16416242499337208,,0.8915583870063226,,,
0,189,0.21199887291983496,,0.8628554216896495,,,
0,199,0.2578226449728811,,0.8470812315742174,,,
0,209,0.17985952346499207,,0.8797886297106743,,,
0,219,0.16965069252352855,,0.8798462000365059,,,
0,229,0.1956069259708049,,0.8745345713881154,,,
0,239,0.16545542362275537,,0.8884905769179264,,,
0,249,0.14097947967717148,,0.9038969408720732,,,
0,259,0.1329619674176672,,0.9076756462454796,,,
0,269,0.1981874923768241,,0.8682044272621472,,,
0,279,0.15583379163763622,,0.8920699991285801,,,
0,289,0.11631256281338298,,0.9229919444769621,,,
0,299,0.19107171145202423,,0.8723775579904516,,,
0,309,0.16768570498125235,,0.8883292721584439,,,
0,319,0.19806395058373544,,0.8657560457165043,,,
0,329,0.16874745161337087,,0.8829847754289707,,,
0,339,0.150063449693608,,0.9000404480223854,,,
0,349,0.30205067202130587,,0.8304481121400992,,,
0,359,0.22395301940368018,,0.8525868464882176,,,
0,369,0.20780757120525795,,0.8728585386027892,,,
0,374,,,,0.15633080899715424,0.20962680876255035,0.8942872881889343
0,374,0.11072035878896713,-0.47378644347190857,0.8579491972923279,,,
1,379,0.1685072746348865,,0.8911967215438684,,,
1,389,0.16700161388264936,,0.8910509515553713,,,
1,399,0.22840949385368386,,0.8619114087196067,,,
1,409,0.1945838745444171,,0.8731033690273762,,,
1,419,0.1799186162514778,,0.8776655805607636,,,
1,429,0.14175019939467878,,0.8977507694313923,,,
1,439,0.14863924719431842,,0.8956328947097063,,,
1,449,0.14179955511480197,,0.9040369633585215,,,
1,459,0.13701112056453835,,0.9039648541559776,,,
1,469,0.14551940907811547,,0.8997146394103765,,,
1,479,0.1465974863329947,,0.8998267538845539,,,
1,489,0.15812450735448713,,0.8949930556118488,,,
1,499,0.14167397747261934,,0.9025491901362935,,,
1,509,0.1547909753841379,,0.8969192622850338,,,
1,519,0.19468232986276654,,0.8745605945587158,,,
1,529,0.18118673981684238,,0.8906554778416952,,,
1,539,0.10666736368870322,,0.9214341764648756,,,
1,549,0.22321522162892893,,0.858418962607781,,,
1,559,0.2656111616522676,,0.8326985767732065,,,
1,569,0.14914935067796647,,0.8974692231665056,,,
1,579,0.12067103926984084,,0.919637294486165,,,
1,589,0.1484662723445747,,0.901228729945918,,,
1,599,0.15078211703009858,,0.9012127388268709,,,
1,609,0.09472346744163576,,0.936089051887393,,,
1,619,0.11231460560190695,,0.9160936797658602,,,
1,629,0.17635266978568093,,0.8993324103454748,,,
1,639,0.10791293462699182,,0.9202614513536295,,,
1,649,0.1594655578996646,,0.8978866674005985,,,
1,659,0.21194772773635273,,0.864543671409289,,,
1,669,0.17739712364015886,,0.8796033070733149,,,
1,679,0.17393062919721647,,0.8833807570238909,,,
1,689,0.15083468619295204,,0.8943991713846723,,,
1,699,0.1383134970036539,,0.9035523533821106,,,
1,709,0.15138317596636022,,0.8969414134820303,,,
1,719,0.09809476158602466,,0.9292073852072159,,,
1,729,0.16494039402633892,,0.8930514392753442,,,
1,739,0.1673532441508983,,0.8985089678317308,,,
1,749,0.17671555467097036,,0.8856372398634752,,,
1,749,,,,0.14806772768497467,0.27212920784950256,0.8985477089881897
1,749,0.17671555280685425,0.19146586954593658,0.8908444046974182,,,
2,759,0.16819256320137627,,0.8818938297530016,,,
2,769,0.16231561260111832,,0.8887182511389256,,,
2,779,0.12101132606291276,,0.9138178986807665,,,
2,789,0.15804465277200885,,0.8880464769899845,,,
2,799,0.16460126289353325,,0.8913393480082353,,,
2,809,0.1530085646906203,,0.9013789929449558,,,
2,819,0.13260938060593946,,0.9014186815669138,,,
2,829,0.14060797145355985,,0.9062270360688368,,,
2,839,0.14015030934326278,,0.901668148736159,,,
2,849,0.18288242769147525,,0.8748171217739582,,,
2,859,0.10729260450028415,,0.9285821399341027,,,
2,869,0.1660633073575547,,0.8862773664295673,,,
2,879,0.14840375448344348,,0.9016301594674587,,,
2,889,0.11354218426215376,,0.919865196570754,,,
2,899,0.12738795918946788,,0.9054578940073649,,,
2,909,0.19633376012904102,,0.868485045308868,,,
2,919,0.16814062506029756,,0.8839883425583442,,,
2,929,0.21087426235074969,,0.8581092590466142,,,
2,939,0.20920281146541997,,0.8672192357480526,,,
2,949,0.19456687275311862,,0.8739168141037226,,,
2,959,0.15585457840647132,,0.8948571713020405,,,
2,969,0.14709215197795455,,0.9023083746433258,,,
2,979,0.2550668610784899,,0.8489218248675268,,,
2,989,0.2344937464087013,,0.8699633280436198,,,
2,999,0.15785127264605853,,0.8907637608548005,,,
2,1009,0.20988134640817896,,0.8638120200484991,,,
2,1019,0.2434386178482116,,0.8571137202282746,,,
2,1029,0.13503927181122605,,0.903632347472012,,,
2,1039,0.14273718544952396,,0.9020397334049145,,,
2,1049,0.11582592537923385,,0.9153116264690955,,,
2,1059,0.1784381735253368,,0.8833513321975867,,,
2,1069,0.16708253889987362,,0.8917990221331517,,,
2,1079,0.14008315620079784,,0.9001103055973848,,,
2,1089,0.11759424706330593,,0.9177229044338067,,,
2,1099,0.1530005585091393,,0.9007608011985818,,,
2,1109,0.08033183140459127,,0.9395333584398031,,,
2,1119,0.15036233019978246,,0.8934156127894918,,,
2,1124,,,,0.14897935092449188,0.2665461301803589,0.897993803024292
2,1124,0.12215482443571091,0.2723238468170166,0.8964452743530273,,,
3,1129,0.1434785691409346,,0.8999103562285503,,,
3,1139,0.1468511596475382,,0.8972545247524977,,,
3,1149,0.10916452223948589,,0.9165044849117597,,,
3,1159,0.1738215383244226,,0.8836837373673916,,,
3,1169,0.15730649553159282,,0.8956540171056986,,,
3,1179,0.09575128564131571,,0.9265481314311425,,,
3,1189,0.1285491552193328,,0.911322641496857,,,
3,1199,0.12721945467562515,,0.9110064276804526,,,
3,1209,0.11062544489900245,,0.915641276165843,,,
3,1219,0.1407568454558321,,0.9019902137418588,,,
3,1229,0.1891225741689581,,0.8807247332297266,,,
3,1239,0.18929545887541077,,0.8721164396653573,,,
3,1249,0.14605861761141714,,0.9011335847899318,,,
3,1259,0.17927010300554413,,0.8803600699951252,,,
3,1269,0.2368659708558396,,0.8548268688221773,,,
3,1279,0.17656884823409325,,0.8817545746763548,,,
3,1289,0.1693308385551444,,0.8842760597666105,,,
3,1299,0.19044186524453321,,0.8814361418286959,,,
3,1309,0.14647050956702795,,0.8988840455810229,,,
3,1319,0.17563560845508006,,0.882113192230463,,,
3,1329,0.16378975142077207,,0.8899663854390383,,,
3,1339,0.24049853245882885,,0.8503079221894343,,,
3,1349,0.11412665557199518,,0.9209693421920141,,,
3,1359,0.15697423973641692,,0.8919060391684374,,,
3,1369,0.16979272368187578,,0.8807879729817312,,,
3,1379,0.21613372860164862,,0.8663100174938639,,,
3,1389,0.1630206431761726,,0.8932209828247627,,,
3,1399,0.14410053501760714,,0.8966721246639887,,,
3,1409,0.16999359106038564,,0.8933155008902153,,,
3,1419,0.12074934837834597,,0.914798790588975,,,
3,1429,0.1351949427084001,,0.9050891349713007,,,
3,1439,0.13671024261431222,,0.9095519861827294,,,
3,1449,0.1155349197339655,,0.9137859102338552,,,
3,1459,0.13264627756626746,,0.9027971960604191,,,
3,1469,0.13843231034149178,,0.9020663655052582,,,
3,1479,0.14308915007745632,,0.898346190340817,,,
3,1489,0.14302196543182324,,0.8999027665704489,,,
3,1499,0.15371626604377442,,0.8973612406601509,,,
3,1499,,,,0.15849830210208893,0.19223713874816895,0.8932333588600159
3,1499,0.15371626615524292,0.3200255334377289,0.8997033834457397,,,
4,1509,0.09194135670077871,,0.9309661493947109,,,
4,1519,0.08669286225512071,,0.9376691735039154,,,
4,1529,0.12448603869184136,,0.9138379295667013,,,
4,1539,0.07757754424046011,,0.9392693061381578,,,
4,1549,0.10769227973723655,,0.9199419623861711,,,
4,1559,0.17185864960146632,,0.879068202028672,,,
4,1569,0.07061304788739436,,0.9447642142573992,,,
4,1579,0.18794093298811418,,0.877097603554527,,,
4,1589,0.1672538987173574,,0.8865437153726816,,,
4,1599,0.1293682531912523,,0.9152697492390871,,,
4,1609,0.10559108395528935,,0.9211084935814142,,,
4,1619,0.09987806317075257,,0.9270395915955305,,,
4,1629,0.13626700493771152,,0.8999076224863529,,,
4,1639,0.15590431100056165,,0.8915622886270285,,,
4,1649,0.16950615875965935,,0.8902282832811276,,,
4,1659,0.09365094477499758,,0.9302711089452108,,,
4,1669,0.07615451139587934,,0.9404663648456335,,,
4,1679,0.10430360781053499,,0.919649196167787,,,
4,1689,0.19137075895388672,,0.8734993102649847,,,
4,1699,0.09415134072577776,,0.9262705941994985,,,
4,1709,0.11632230481235427,,0.9180960475156704,,,
4,1719,0.09424002038525653,,0.9281934782241782,,,
4,1729,0.11512754410399288,,0.9161196531107028,,,
4,1739,0.13999365312548395,,0.9050592848410209,,,
4,1749,0.1944537560044095,,0.869767293954889,,,
4,1759,0.21883949934642885,,0.8575626571352284,,,
4,1769,0.08960422702875212,,0.9307491177072128,,,
4,1779,0.10433995968224984,,0.9188814368098974,,,
4,1789,0.16859030421327717,,0.8972674682736397,,,
4,1799,0.1640643534934376,,0.8888807420929273,,,
4,1809,0.14605892811715993,,0.8969265998651583,,,
4,1819,0.22138786595743856,,0.8689867040763299,,,
4,1829,0.2006599716915561,,0.8653151753048103,,,
4,1839,0.14039688622005853,,0.9043732540061077,,,
4,1849,0.08299306206711321,,0.9347375985234976,,,
4,1859,0.14628557533037928,,0.9001641925424337,,,
4,1869,0.09835789856661638,,0.9251608792692423,,,
4,1874,,,,0.14891645312309265,0.2678390145301819,0.8979740738868713
4,1874,0.16837146878242493,0.3562465012073517,0.9033980965614319,,,
5,1879,0.090253484511612,,0.9303016389409701,,,
5,1889,0.11121088929419254,,0.9221854737649362,,,
5,1899,0.10219448342229522,,0.9269716211905082,,,
5,1909,0.1919601755162027,,0.8846486285328865,,,
5,1919,0.1502906748497736,,0.8961143450190624,,,
5,1929,0.16841642883459423,,0.8834611649314562,,,
5,1939,0.16783497495300845,,0.8875781797493497,,,
5,1949,0.0955789492656253,,0.929114680737257,,,
5,1959,0.07077931069360228,,0.9455590539922317,,,
5,1969,0.10995972692108688,,0.9209093606720368,,,
5,1979,0.11406699318206487,,0.9179615769535303,,,
5,1989,0.07456306166370713,,0.9396060413370529,,,
5,1999,0.10150666124581731,,0.9257631233582894,,,
5,2009,0.1538153112853753,,0.89592111017555,,,
5,2019,0.10169893252678261,,0.9221285469830036,,,
5,2029,0.13963723963915234,,0.8997025297333797,,,
5,2039,0.16218353039543193,,0.8951099918534358,,,
5,2049,0.11656121302209851,,0.9135478163758913,,,
5,2059,0.15019419972786144,,0.8943351618945599,,,
5,2069,0.12394547044774169,,0.9121200479567051,,,
5,2079,0.15712537743367733,,0.8944120183587074,,,
5,2089,0.11139933502458423,,0.9200561437755823,,,
5,2099,0.17308158534531387,,0.8936376223961512,,,
5,2109,0.1211152034099576,,0.9109091653178136,,,
5,2119,0.20943625461026977,,0.87096566768984,,,
5,2129,0.10942750729158533,,0.9199580047279596,,,
5,2139,0.11771412309504009,,0.9123096851011118,,,
5,2149,0.11359959942230821,,0.9173982068896294,,,
5,2159,0.09009629686376541,,0.9305404517799616,,,
5,2169,0.15559884113107442,,0.8925739874442419,,,
5,2179,0.11878468160926044,,0.9119128634532293,,,
5,2189,0.1200277340434854,,0.9131329003721476,,,
5,2199,0.15016692914114232,,0.9054827267924944,,,
5,2209,0.14988528505433696,,0.8927774590750536,,,
5,2219,0.1431470830345776,,0.9009577296674252,,,
5,2229,0.1077373546674378,,0.9178527351468801,,,
5,2239,0.13902991600123937,,0.9069901686161757,,,
5,2249,0.2017699167970319,,0.8786614382018645,,,
5,2249,,,,0.1438153237104416,0.3056100904941559,0.9006562232971191
5,2249,0.20176991820335388,0.39062345027923584,0.9056176543235779,,,
6,2259,0.18411039569481613,,0.8835526456435522,,,
6,2269,0.22240637276725467,,0.8627166841179132,,,
6,2279,0.1740239196076897,,0.8841285444796085,,,
6,2289,0.10627274991476812,,0.9208371993154287,,,
6,2299,0.14610941511993103,,0.9015780532111723,,,
6,2309,0.17512614093803036,,0.8831141907721758,,,
6,2319,0.08583538847297967,,0.9369272819409767,,,
6,2329,0.08812754101477419,,0.9372350312769413,,,
6,2339,0.18561126492069951,,0.8766520737359922,,,
6,2349,0.21109996326441344,,0.8645545576388637,,,
6,2359,0.20199781880911147,,0.8673429377377033,,,
6,2369,0.1663906340433689,,0.8887346753229697,,,
6,2379,0.14667301542168396,,0.8997964939723412,,,
6,2389,0.14831284787133756,,0.8992575282851855,,,
6,2399,0.1588854590770113,,0.8927036076784134,,,
6,2409,0.12626502730659034,,0.9116880757113298,,,
6,2419,0.07766273570969859,,0.9397744399805864,,,
6,2429,0.1410703629101539,,0.9010211260368427,,,
6,2439,0.15364453321079188,,0.892755930001537,,,
6,2449,0.12186746239114435,,0.9148301761597395,,,
6,2459,0.15653306865764693,,0.8980783186852932,,,
6,2469,0.1520881372903558,,0.8930340809747577,,,
6,2479,0.11258975408619147,,0.9209668207913637,,,
6,2489,0.1539068988361985,,0.9019839378694693,,,
6,2499,0.11930822036669898,,0.9145578270157179,,,
6,2509,0.17832972813984294,,0.8821531236171722,,,
6,2519,0.11583723744218533,,0.9139703723291556,,,
6,2529,0.1458023749382814,,0.8986940750231345,,,
6,2539,0.11899071548795216,,0.9132678170378009,,,
6,2549,0.18845912349096347,,0.8732703321923811,,,
6,2559,0.10585231278754978,,0.9236666336655617,,,
6,2569,0.15435806517961248,,0.8928025855372349,,,
6,2579,0.16399790975883474,,0.8951375782489777,,,
6,2589,0.09619634367866309,,0.9281582826127608,,,
6,2599,0.12059839372613979,,0.9103394119689862,,,
6,2609,0.12168278990795071,,0.9114582408219576,,,
6,2619,0.10371993328111635,,0.9226215627665321,,,
6,2624,,,,0.13564328849315643,0.36562713980674744,0.9049849510192871
6,2624,0.1367335021495819,0.3954417407512665,0.9063022136688232,,,
7,2629,0.10608522816564318,,0.9258718360215425,,,
7,2639,0.10402482320671338,,0.9244544475028912,,,
7,2649,0.10009836345625886,,0.9246719774479667,,,
7,2659,0.1376555268437743,,0.9080405049026012,,,
7,2669,0.12062025296785461,,0.9107793755829334,,,
7,2679,0.1267940241945994,,0.9083735725531975,,,
7,2689,0.15223581290897154,,0.8926362476777285,,,
7,2699,0.10027693043437369,,0.9266552006204923,,,
7,2709,0.12025356712559755,,0.9105002271632353,,,
7,2719,0.13558674719960787,,0.9083322007209063,,,
7,2729,0.12570124394744883,,0.9104604721069336,,,
7,2739,0.13191229402290894,,0.9071609787642956,,,
7,2749,0.1630438604590692,,0.8899412558724482,,,
7,2759,0.12533362164900128,,0.9080121535807848,,,
7,2769,0.14222749390771167,,0.9008710117389759,,,
7,2779,0.1385160137148243,,0.901710823799173,,,
7,2789,0.0756905065310271,,0.9411280971641341,,,
7,2799,0.10748406428024841,,0.918088587311407,,,
7,2809,0.07303156436893478,,0.941726561014851,,,
7,2819,0.09744136680348064,,0.9267073379208645,,,
7,2829,0.0977505701912181,,0.928363901252548,,,
7,2839,0.14074106679394946,,0.9048213493078947,,,
7,2849,0.1385756775232861,,0.9017016962170601,,,
7,2859,0.1689821630349408,,0.8915623556822538,,,
7,2869,0.1418794656403642,,0.9028535845379034,,,
7,2879,0.20241080345196927,,0.8742221159239609,,,
7,2889,0.07714991885440955,,0.9399253763258457,,,
7,2899,0.12418139554557474,,0.9115664738540848,,,
7,2909,0.1557339567319284,,0.8954415675252676,,,
7,2919,0.1172717456204975,,0.9123565076539913,,,
7,2929,0.14678449113994946,,0.8973724252233902,,,
7,2939,0.1732108599257941,,0.8795647701869408,,,
7,2949,0.08620043036604438,,0.9322395281245311,,,
7,2959,0.1003440084351647,,0.9214049031337103,,,
7,2969,0.15082784908001767,,0.8986891405656934,,,
7,2979,0.14863343053568792,,0.9046041145920753,,,
7,2989,0.12679185514148192,,0.9085921980440617,,,
7,2999,0.12103629886462264,,0.912674509609739,,,
7,2999,,,,0.1414216160774231,0.32445043325424194,0.9018434882164001
7,2999,0.12103629857301712,0.4238187372684479,0.9082300066947937,,,
8,3009,0.07831785413551023,,0.9382245155672232,,,
8,3019,0.0993430740013726,,0.9292030384143194,,,
8,3029,0.1214917643779982,,0.9171333561340967,,,
8,3039,0.14685182174646794,,0.9021719954907894,,,
8,3049,0.13821488626697914,,0.9028642283131679,,,
8,3059,0.12261526585490534,,0.9133875773598751,,,
8,3069,0.13321669520393123,,0.9146248213946819,,,
8,3079,0.09204371899621064,,0.9332288509855667,,,
8,3089,0.08830091285118077,,0.9294742525865634,,,
8,3099,0.1397732375806609,,0.9021439210822185,,,
8,3109,0.11988192284085494,,0.9095019642263651,,,
8,3119,0.09191424125346398,,0.931000467389822,,,
8,3129,0.15696051628649677,,0.8919650992999474,,,
8,3139,0.10098195851378182,,0.9224123240758976,,,
8,3149,0.1015894761637042,,0.9227326357116301,,,
8,3159,0.13478446312281647,,0.907715684423844,,,
8,3169,0.14362273711616597,,0.8973860777914524,,,
8,3179,0.09684302107891891,,0.9287713455657165,,,
8,3189,0.13131364749089164,,0.9127377091596524,,,
8,3199,0.09042646408220684,,0.9303218231846889,,,
8,3209,0.0988007105754272,,0.9240379960586628,,,
8,3219,0.1759353170540262,,0.8784651663154364,,,
8,3229,0.17122253786202646,,0.8842734135687351,,,
8,3239,0.1450513935860103,,0.9068390130996704,,,
8,3249,0.08101649123476742,,0.9375723215440909,,,
8,3259,0.131656163150036,,0.9066747321436802,,,
8,3269,0.1247940770134092,,0.9108501151204109,,,
8,3279,0.14583459676032484,,0.8983328938484192,,,
8,3289,0.12018665868292298,,0.9147177754590908,,,
8,3299,0.12161655222944648,,0.9094139486551285,,,
8,3309,0.11533499162004418,,0.9130042965213457,,,
8,3319,0.09787709521247413,,0.9234306005140145,,,
8,3329,0.11326184084559213,,0.9181395793954532,,,
8,3339,0.129154315486866,,0.905099323640267,,,
8,3349,0.12093302820081257,,0.912164028113087,,,
8,3359,0.09760412416293124,,0.9260541864981254,,,
8,3369,0.13114518046044946,,0.9047246426343918,,,
8,3374,,,,0.13687194883823395,0.3588189482688904,0.904192328453064
8,3374,0.12471131235361099,0.45609086751937866,0.9112752079963684,,,
9,3379,0.09640450245493697,,0.9285817711303632,,,
9,3389,0.14746994980888095,,0.9032179260005554,,,
9,3399,0.11676267196825127,,0.9141074325889349,,,
9,3409,0.12545836396889365,,0.9122258946299553,,,
9,3419,0.1236999675832538,,0.9090379693855842,,,
9,3429,0.12920301432068615,,0.9140326765676339,,,
9,3439,0.150350848962845,,0.8946834343175093,,,
9,3449,0.0900984071833448,,0.933484927440683,,,
9,3459,0.11349272921287411,,0.9168298946072657,,,
9,3469,0.11483632924068903,,0.9152464149519801,,,
9,3479,0.12244839005065787,,0.9125287805994351,,,
9,3489,0.13720729949441549,,0.909153660138448,,,
9,3499,0.09985815381629651,,0.925932686465482,,,
9,3509,0.08806101768479982,,0.9327249536290765,,,
9,3519,0.1260741557716275,,0.9083216357976198,,,
9,3529,0.07660411700922648,,0.9403434290240208,,,
9,3539,0.1264607138991118,,0.9055016301572323,,,
9,3549,0.1236668093778446,,0.9104368953655164,,,
9,3559,0.19305275327198237,,0.8760688447703917,,,
9,3569,0.11725679933464318,,0.9185197340945402,,,
9,3579,0.11892829439165152,,0.9132682507236799,,,
9,3589,0.14082753059193184,,0.9005444670716921,,,
9,3599,0.1226107266828412,,0.9092994248494506,,,
9,3609,0.18598726092150009,,0.8867268205309907,,,
9,3619,0.11275652401000164,,0.9168186907966931,,,
9,3629,0.15261802788575993,,0.8944701527555784,,,
9,3639,0.11954335495674616,,0.9138820193087062,,,
9,3649,0.1686141052292812,,0.8845900055021048,,,
9,3659,0.10647318539780601,,0.9226598391930262,,,
9,3669,0.14857694104291808,,0.8993100890268882,,,
9,3679,0.08116852444797323,,0.9347222487752637,,,
9,3689,0.12586406575836528,,0.9120928992827734,,,
9,3699,0.12531798235042793,,0.9091484788805246,,,
9,3709,0.09264737421538707,,0.9294196497648954,,,
9,3719,0.08182952323485766,,0.9338366854935884,,,
9,3729,0.12456937916638657,,0.9151642061769962,,,
9,3739,0.10066266922567813,,0.9258380923420191,,,
9,3749,0.07646247533815811,,0.9421477299183607,,,
9,3749,,,,0.13544385135173798,0.3689815402030945,0.9049696326255798
9,3749,0.07646247744560242,0.46508869528770447,0.9123298525810242,,,
10,3759,0.1479506903801183,,0.8984578674038252,,,
10,3769,0.0989698809916552,,0.9255610089749098,,,
10,3779,0.08609775092718597,,0.9320277447501818,,,
10,3789,0.08514810032272116,,0.9336352677394947,,,
10,3799,0.09389353599402704,,0.9283073333402475,,,
10,3809,0.12568390264463342,,0.9107261057943106,,,
10,3819,0.0803124831749133,,0.9365323086579641,,,
10,3829,0.14393675709770348,,0.8984217302252849,,,
10,3839,0.10262756490510264,,0.9212965589637558,,,
10,3849,0.06692785380982694,,0.947715093071262,,,
10,3859,0.1620182686109019,,0.8937670698699852,,,
10,3869,0.11052258386221439,,0.9271026477217674,,,
10,3879,0.07738449494593301,,0.9385796074445049,,,
10,3889,0.11841110297077481,,0.9183097568651041,,,
10,3899,0.13706534394796874,,0.9012710247188807,,,
10,3909,0.0852851060003873,,0.9325285591185093,,,
10,3919,0.08595443654856053,,0.934247437864542,,,
10,3929,0.13748241487517038,,0.9049100863436857,,,
10,3939,0.10201449390892559,,0.9281075422962507,,,
10,3949,0.23239346899951235,,0.8513820475588243,,,
10,3959,0.16505791738353975,,0.8927224359164635,,,
10,3969,0.15751911526913018,,0.8906879890710115,,,
10,3979,0.16309059326389247,,0.8852033168077469,,,
10,3989,0.11416486706186715,,0.91253441448013,,,
10,3999,0.08745268967048815,,0.934292963395516,,,
10,4009,0.0906632245638608,,0.931785381709536,,,
10,4019,0.146215627414787,,0.8979339444388946,,,
10,4029,0.10419384660648673,,0.9225995652377605,,,
10,4039,0.1732459549576029,,0.8851104226584235,,,
10,4049,0.1652220521824106,,0.8972166813910007,,,
10,4059,0.07822756456540744,,0.9418412459393343,,,
10,4069,0.09981017025636682,,0.9225301531453927,,,
10,4079,0.11261347393103334,,0.9200751762837172,,,
10,4089,0.10536968393634719,,0.9217790548379222,,,
10,4099,0.15761781787725276,,0.8935206942260265,,,
10,4109,0.11952713026365662,,0.9125088000049194,,,
10,4119,0.15332194857480633,,0.8970999962960681,,,
10,4124,,,,0.15672318637371063,0.21060948073863983,0.893832266330719
10,4124,0.06637467443943024,0.472739040851593,0.9133515954017639,,,
11,4129,0.11070373913950463,,0.9249165256818136,,,
11,4139,0.07486027436685533,,0.9405080831299226,,,
11,4149,0.12608984888909075,,0.9082384500652552,,,
11,4159,0.09054844738722831,,0.9281590239455303,,,
11,4169,0.07086731716398942,,0.9429021986822287,,,
11,4179,0.1204360391032262,,0.91355961561203,,,
11,4189,0.13357427245533662,,0.9025389431044459,,,
11,4199,0.1244644918400484,,0.9100311528891325,,,
11,4209,0.14649473318511655,,0.8972594585890571,,,
11,4219,0.08586848653009299,,0.9320888662089905,,,
11,4229,0.15559067196590726,,0.8907542824745178,,,
11,4239,0.10888095059463974,,0.9170484008888403,,,
11,4249,0.1181756884145151,,0.9170285003880659,,,
11,4259,0.10057044946779492,,0.9238914251327515,,,
11,4269,0.19189813538242131,,0.8814863668133815,,,
11,4279,0.09100401084960136,,0.9306215227892002,,,
11,4289,0.11547501310486102,,0.9168889485299587,,,
11,4299,0.09995065259726521,,0.9266029012699922,,,
11,4309,0.06136566895223451,,0.9514508657157421,,,
11,4319,0.12272549638983406,,0.9141708469639221,,,
11,4329,0.09972856318187953,,0.9247092250734568,,,
11,4339,0.14220622257144247,,0.8985172218332688,,,
11,4349,0.15464750304317904,,0.8921387959271669,,,
11,4359,0.18514279327854113,,0.8796708012620608,,,
11,4369,0.13622264846392534,,0.9019523970782757,,,
11,4379,0.10407047893481206,,0.9240228304018577,,,
11,4389,0.09567936708537461,,0.9242002746711174,,,
11,4399,0.1735119728163164,,0.8825579111774763,,,
11,4409,0.13370910602468802,,0.9063915659983953,,,
11,4419,0.13488642003677823,,0.9065765316287676,,,
11,4429,0.08209384394055047,,0.9361865501850843,,,
11,4439,0.13242798417116397,,0.9052245231966177,,,
11,4449,0.10377333598322841,,0.922276021912694,,,
11,4459,0.09215809931784927,,0.9287457702060541,,,
11,4469,0.09759484905984901,,0.9248709337164958,,,
11,4479,0.1119452433667822,,0.9243418195595343,,,
11,4489,0.10223057116868986,,0.9275902987768253,,,
11,4499,0.1062120096224923,,0.9199187606573105,,,
11,4499,,,,0.13828158378601074,0.34579992294311523,0.9036164283752441
11,4499,0.10621201246976852,0.48884132504463196,0.9145285487174988,,,
12,4509,0.10404422790334049,,0.9247149229049683,,,
12,4519,0.22870740932485353,,0.8544145195434492,,,
12,4529,0.08448684759391481,,0.934198133337001,,,
12,4539,0.08116824525721444,,0.936745003486673,,,
12,4549,0.10206332132454944,,0.9227628341565529,,,
12,4559,0.15312073844294072,,0.901587271442016,,,
12,4569,0.1071811173551976,,0.9197702724486589,,,
12,4579,0.1441652332355261,,0.895961107686162,,,
12,4589,0.1618244098266629,,0.8856891834487517,,,
12,4599,0.17655042753258499,,0.8855254277586937,,,
12,4609,0.13329254109659808,,0.9045575087269146,,,
12,4619,0.1272320646126679,,0.9124297816306353,,,
12,4629,0.13579191928732504,,0.9032146198054155,,,
12,4639,0.11267754548467805,,0.9144580407689016,,,
12,4649,0.10238493568962681,,0.9229218903928995,,,
12,4659,0.11237814167101659,,0.9231986124068499,,,
12,4669,0.14890240830782736,,0.8968473114073277,,,
12,4679,0.1341445239742065,,0.9007708703478178,,,
12,4689,0.09595496426278158,,0.9274749364703894,,,
12,4699,0.12114104130737688,,0.9155280981212854,,,
12,4709,0.12134978934550805,,0.9154620642463366,,,
12,4719,0.1406114301277005,,0.9064844058205683,,,
12,4729,0.14241106969156767,,0.8992117693026861,,,
12,4739,0.13041199134677792,,0.9068469082315763,,,
12,4749,0.14371068451743862,,0.8997443864742916,,,
12,4759,0.11491066305850803,,0.9145867408563693,,,
12,4769,0.09548661669198011,,0.925927672535181,,,
12,4779,0.11989815068173595,,0.9140229678402344,,,
12,4789,0.13833633727377842,,0.9001402612775564,,,
12,4799,0.09329678721614254,,0.9310076736534635,,,
12,4809,0.11125322624932658,,0.9149763975292444,,,
12,4819,0.12674544308235053,,0.9131178514411052,,,
12,4829,0.16107654361932378,,0.8966997917741537,,,
12,4839,0.09485489220720959,,0.9303466820468506,,,
12,4849,0.14811451657025487,,0.9009451276312272,,,
12,4859,0.130053047703947,,0.9058581205705801,,,
12,4869,0.11589418124134819,,0.9160766564309597,,,
12,4874,,,,0.13539598882198334,0.37004220485687256,0.9049495458602905
12,4874,0.09687382727861404,0.4923507571220398,0.9146167039871216,,,
13,4879,0.12123899984331951,,0.9150113053619862,,,
13,4889,0.117677162261387,,0.9118200689554214,,,
13,4899,0.13405828350160798,,0.9056578769038122,,,
13,4909,0.10608148578142196,,0.9217844580610594,,,
13,4919,0.11321079447242366,,0.9197458835939566,,,
13,4929,0.10607860887105763,,0.9236797293027241,,,
13,4939,0.13068862880883209,,0.9074761290103197,,,
13,4949,0.052894956794491604,,0.9552906838556131,,,
13,4959,0.07786027068305237,,0.9380500732610623,,,
13,4969,0.12238686351206571,,0.9081190964207053,,,
13,4979,0.08007944215514592,,0.9364904345323642,,,
13,4989,0.10363246641006893,,0.9269764230897029,,,
13,4999,0.09057962548972522,,0.9304354668905338,,,
13,5009,0.1171775925142214,,0.9178014751523733,,,
13,5019,0.12108388000225812,,0.9102254820366701,,,
13,5029,0.11058260777052577,,0.9173296354711056,,,
13,5039,0.1274560073153022,,0.9063852609445652,,,
13,5049,0.06984330066314945,,0.9450730153669914,,,
13,5059,0.1257779409341389,,0.9118534835676352,,,
13,5069,0.09060131375625344,,0.9323321587095658,,,
13,5079,0.14011154604289028,,0.9010862223803997,,,
13,5089,0.10369306559913155,,0.9262823232760031,,,
13,5099,0.1596283592514507,,0.8906485910216967,,,
13,5109,0.11697520073187923,,0.9148368469129006,,,
13,5119,0.14299339533683308,,0.9000737598786751,,,
13,5129,0.164820780970866,,0.8898252869645754,,,
13,5139,0.08450953975888573,,0.9358336826165518,,,
13,5149,0.17435538488221314,,0.8819580376148224,,,
13,5159,0.14370385907797828,,0.8983706384897232,,,
13,5169,0.14257810334607043,,0.8992997606595358,,,
13,5179,0.1159669619808188,,0.9144033417105675,,,
13,5189,0.08483296437595868,,0.9336131159216166,,,
13,5199,0.11637927396287567,,0.9167636949568987,,,
13,5209,0.12660258855410544,,0.9119206964969635,,,
13,5219,0.110123309572699,,0.9201051245133082,,,
13,5229,0.11468585144979937,,0.9140982975562414,,,
13,5239,0.12062531189570727,,0.9151541801790396,,,
13,5249,0.11912855745825886,,0.913800875345866,,,
13,5249,,,,0.13568860292434692,0.36548835039138794,0.9049485325813293
13,5249,0.11912855505943298,0.5245819091796875,0.9174686670303345,,,
14,5259,0.09397450223105801,,0.9282094178100427,,,
14,5269,0.10652622403379036,,0.9246552065014839,,,
14,5279,0.07562729417788616,,0.9411882596711317,,,
14,5289,0.1159958092878581,,0.9152877560506265,,,
14,5299,0.07994207570051899,,0.9389663518716892,,,
14,5309,0.059741319781725415,,0.9508469644933939,,,
14,5319,0.11679860605574507,,0.9135344332704941,,,
14,5329,0.12081983783844544,,0.9162439927458763,,,
14,5339,0.10446225943124988,,0.9235527304311594,,,
14,5349,0.11449998593033721,,0.9137311012794573,,,
14,5359,0.13479456442425833,,0.9086586609482765,,,
14,5369,0.11248118169517937,,0.9218014776706696,,,
14,5379,0.09684293565153265,,0.9285240120564898,,,
14,5389,0.11470488838763306,,0.9212667221824328,,,
14,5399,0.13472325383778463,,0.9043487397332987,,,
14,5409,0.11447297771222315,,0.9165534942100445,,,
14,5419,0.10287360698466981,,0.9212793838232756,,,
14,5429,0.09439333054090017,,0.9281618731717268,,,
14,5439,0.13126586889813163,,0.9064837979773681,,,
14,5449,0.08882972610488317,,0.9338044412434101,,,
14,5459,0.09244297163464918,,0.9287666858484348,,,
14,5469,0.11492231851305362,,0.9155694997558991,,,
14,5479,0.11911568225295557,,0.9096741651495298,,,
14,5489,0.14541541022048143,,0.8977095702042183,,,
14,5499,0.10628729061006599,,0.9289637139687935,,,
14,5509,0.1148940994900215,,0.9151190609360734,,,
14,5519,0.14133679725956041,,0.9003809373825788,,,
14,5529,0.06316471476402877,,0.9498971831053495,,,
14,5539,0.11679284671518318,,0.916529512964189,,,
14,5549,0.08905060457151598,,0.9291074608142177,,,
14,5559,0.12634844977626133,,0.9055076185613871,,,
14,5569,0.09411545597883023,,0.9269930856923262,,,
14,5579,0.06603775489127993,,0.9461997750525674,,,
14,5589,0.11831725508533118,,0.9139600147803624,,,
14,5599,0.12989358979269744,,0.9082248515139023,,,
14,5609,0.0666029325978034,,0.9466647071142991,,,
14,5619,0.07142604930181468,,0.940962638395528,,,
14,5624,,,,0.13210012018680573,0.3955968916416168,0.9066089987754822
14,5624,0.11073782294988632,0.5345794558525085,0.9182170033454895,,,
15,5629,0.127821909634236,,0.9115104203422865,,,
15,5639,0.09648975412348834,,0.9258729498833418,,,
15,5649,0.08339279883617948,,0.9350919052958488,,,
15,5659,0.09193572079762218,,0.9314222612107793,,,
15,5669,0.10182474482068427,,0.9231324512511492,,,
15,5679,0.09439390227823352,,0.9263419068108002,,,
15,5689,0.1439723146289264,,0.8977092184747258,,,
15,5699,0.12126146320370293,,0.9117806435873111,,,
15,5709,0.13139349968610892,,0.904323865349094,,,
15,5719,0.06413787410275196,,0.9494546328981718,,,
15,5729,0.10077433116755642,,0.9251996440192064,,,
15,5739,0.1511326345461676,,0.8942659714569648,,,
15,5749,0.08032930955826764,,0.936298889418443,,,
15,5759,0.14313384021364656,,0.8984641525894403,,,
15,5769,0.1356413340227644,,0.9030546247959137,,,
15,5779,0.09727686705274796,,0.927325329122444,,,
15,5789,0.09893772164624791,,0.9266659679512183,,,
15,5799,0.14527632352340553,,0.8995598182082176,,,
15,5809,0.16066066890452924,,0.8919687165568272,,,
15,5819,0.11287542227289427,,0.9200191504011551,,,
15,5829,0.13013042291876076,,0.9126773066818714,,,
15,5839,0.10277978694790346,,0.9229347681005796,,,
15,5849,0.11570937188743483,,0.9171836621438464,,,
15,5859,0.07560658466995386,,0.9395154472440481,,,
15,5869,0.0794951848018468,,0.9378007010867199,,,
15,5879,0.09588062047327409,,0.9300512926032145,,,
15,5889,0.12659403410370346,,0.9102343296011289,,,
15,5899,0.059199761255693234,,0.9521014308556914,,,
15,5909,0.058705484352034376,,0.9526049587875605,,,
15,5919,0.10415669141726414,,0.9225519386430582,,,
15,5929,0.06700458851504525,,0.9460062471528848,,,
15,5939,0.11327425975561067,,0.9167218456665674,,,
15,5949,0.13389122890526772,,0.9066797203073899,,,
15,5959,0.05314474594570368,,0.957093434718748,,,
15,5969,0.12168876165059433,,0.9168028800437847,,,
15,5979,0.08137189651943291,,0.9385773359487454,,,
15,5989,0.14728222622969844,,0.8965807963783542,,,
15,5999,0.11833807438282497,,0.9115503461410602,,,
15,5999,,,,0.13583149015903473,0.3678254783153534,0.9046559929847717
15,5999,0.11833807080984116,0.5436938405036926,0.9190556406974792,,,
16,6009,0.10445590942968958,,0.922247216415902,,,
16,6019,0.11255019010451206,,0.9190342507014672,,,
16,6029,0.08829241372419502,,0.9330137688666582,,,
16,6039,0.09171705154195525,,0.9333932468046744,,,
16,6049,0.13771642391272693,,0.9047444971899192,,,
16,6059,0.1903300261219303,,0.8790159759422143,,,
16,6069,0.14783973948527301,,0.9009240977466106,,,
16,6079,0.10029905084386423,,0.9254446737468243,,,
16,6089,0.10081866553879527,,0.9225724264979362,,,
16,6099,0.13742229212341658,,0.9023645253231128,,,
16,6109,0.07634355822700443,,0.9383276738226414,,,
16,6119,0.11552534197375644,,0.9167075312385956,,,
16,6129,0.1020072258266647,,0.9254357839624087,,,
16,6139,0.1180077807797903,,0.9113002183536688,,,
16,6149,0.08327835854330405,,0.9341540075838566,,,
16,6159,0.09342904210317805,,0.9312300309538841,,,
16,6169,0.04751492189737043,,0.9596844986081123,,,
16,6179,0.11056142271876987,,0.919889430825909,,,
16,6189,0.12114796012461687,,0.9101129788905382,,,
16,6199,0.12318250159780914,,0.9119914916033546,,,
16,6209,0.1603588279964803,,0.8891803361475468,,,
16,6219,0.06545721891318523,,0.946514974658688,,,
16,6229,0.08852725583300146,,0.930283872410655,,,
16,6239,0.0778357167679911,,0.9390069202830394,,,
16,6249,0.06855062006099774,,0.945030216127634,,,
16,6259,0.13379010077262954,,0.9089091171820959,,,
16,6269,0.12458295607295078,,0.9123253496363759,,,
16,6279,0.09627035671220022,,0.928590822344025,,,
16,6289,0.1239675977074069,,0.9124024488652747,,,
16,6299,0.07215680702514465,,0.9442914463579655,,,
16,6309,0.1517269431685148,,0.8963085655122995,,,
16,6319,0.12069899714012693,,0.9193299322699507,,,
16,6329,0.11661330101551644,,0.9152496301879485,,,
16,6339,0.07777721125570959,,0.940609876687328,,,
16,6349,0.049365811549133914,,0.9579078617195288,,,
16,6359,0.13054565778336907,,0.913704245040814,,,
16,6369,0.12780002094682452,,0.9140067594125867,,,
16,6374,,,,0.1432647854089737,0.3134789764881134,0.9007031321525574
16,6374,0.13510236144065857,0.5563253164291382,0.9206414818763733,,,
17,6379,0.1284683658326235,,0.9104210063815117,,,
17,6389,0.11894951284728499,,0.9158476640780767,,,
17,6399,0.07046869108678594,,0.942711920167009,,,
17,6409,0.09002473541661057,,0.9303858025620381,,,
17,6419,0.12025777601712853,,0.9132084641605616,,,
17,6429,0.13872777553479643,,0.9032725710421801,,,
17,6439,0.07389543406231074,,0.9423137687457105,,,
17,6449,0.08517361997480577,,0.9327564208457868,,,
17,6459,0.03344994540721337,,0.971001448109746,,,
17,6469,0.054396737050737845,,0.9553929834316174,,,
17,6479,0.08384228009681187,,0.9361059386283159,,,
17,6489,0.1249374974498523,,0.91170026982824,,,
17,6499,0.09371024212595756,,0.9291325534383456,,,
17,6509,0.11039193372859825,,0.9228064566850662,,,
17,6519,0.10090281628944472,,0.9261945504695177,,,
17,6529,0.09619301124770271,,0.928030151873827,,,
17,6539,0.1120130749739739,,0.9210166999449332,,,
17,6549,0.08140402593022207,,0.9377251639962196,,,
17,6559,0.09603934536204917,,0.9261822650829951,,,
17,6569,0.10051134503174096,,0.9257982640216749,,,
17,6579,0.0732747593268866,,0.9408306702971458,,,
17,6589,0.06775812342765494,,0.946562809869647,,,
17,6599,0.08280061803148049,,0.9377189154426256,,,
17,6609,0.10044573544414566,,0.9231879723568758,,,
17,6619,0.11355106727573633,,0.9149506917844216,,,
17,6629,0.08793447500246361,,0.9313341019054254,,,
17,6639,0.061796393856855925,,0.9480608683079481,,,
17,6649,0.12564710259373246,,0.9124131370335817,,,
17,6659,0.14741016900261755,,0.8945107720792294,,,
17,6669,0.13704054438458713,,0.9016021688779194,,,
17,6679,0.105609706027041,,0.9218664560467005,,,
17,6689,0.1480289704789906,,0.8966473247855902,,,
17,6699,0.1258576064655655,,0.9078032566855351,,,
17,6709,0.18111265391291653,,0.8833607050279776,,,
17,6719,0.052621433125694346,,0.9576146245623628,,,
17,6729,0.09092769649085117,,0.9295252949620286,,,
17,6739,0.11153262565846361,,0.9179268013685942,,,
17,6749,0.09418212803686721,,0.929434363419811,,,
17,6749,,,,0.14562049508094788,0.2937830686569214,0.8996086120605469
17,6749,0.09418212622404099,0.5770462155342102,0.922577977180481,,,
18,6759,0.07916459737510256,,0.9359857371697823,,,
18,6769,0.08300182225519268,,0.9384662117809057,,,
18,6779,0.07700348224600533,,0.9432510000964006,,,
18,6789,0.1391448970724764,,0.9032339627544086,,,
18,6799,0.06622536313435091,,0.9471578250328699,,,
18,6809,0.1181243579228435,,0.9162290785461664,,,
18,6819,0.11821596829831801,,0.9136732835322618,,,
18,6829,0.10585913702911129,,0.923938425257802,,,
18,6839,0.14614131427246296,,0.8972435447697839,,,
18,6849,0.12346039006224753,,0.9160661548376083,,,
18,6859,0.1018902257867282,,0.9243011213839054,,,
18,6869,0.11129023489388767,,0.9196747740109761,,,
18,6879,0.15527544355307227,,0.8894387477387985,,,
18,6889,0.12638706841720704,,0.9087386385848124,,,
18,6899,0.14098005956691761,,0.9010939728468657,,,
18,6909,0.07124064290861093,,0.9447952434420586,,,
18,6919,0.06816998307174946,,0.9454737119376659,,,
18,6929,0.11126482410655258,,0.9237862396985292,,,
18,6939,0.06584987568033546,,0.9473006973663965,,,
18,6949,0.0985217032945773,,0.9298092662744845,,,
18,6959,0.11798749181610138,,0.9140948044757048,,,
18,6969,0.11895575685904526,,0.9131372515112162,,,
18,6979,0.08811680930187958,,0.9323579606910546,,,
18,6989,0.08639485352262882,,0.9329667721564571,,,
18,6999,0.08747323265078243,,0.9336781470725933,,,
18,7009,0.06755395355361445,,0.9452721128861109,,,
18,7019,0.08640137967833827,,0.9351480156183243,,,
18,7029,0.08906944561463223,,0.9316664791355531,,,
18,7039,0.09566482858834294,,0.925870488708218,,,
18,7049,0.1261176761432231,,0.9069854058325291,,,
18,7059,0.0961676539127737,,0.926392545302709,,,
18,7069,0.11773934797632385,,0.9183371054629484,,,
18,7079,0.10536466524883326,,0.922490656375885,,,
18,7089,0.15088625838750266,,0.8988102522368232,,,
18,7099,0.06861755660860461,,0.9449244439601898,,,
18,7109,0.1659618940000562,,0.8923246829460064,,,
18,7119,0.08929600683426298,,0.9302959109966953,,,
18,7124,,,,0.136837437748909,0.35852277278900146,0.9042457938194275
18,7124,0.08403382450342178,0.5845490097999573,0.9236366748809814,,,
19,7129,0.0958593461495649,,0.9278432490924994,,,
19,7139,0.08499345160790053,,0.9329863612850507,,,
19,7149,0.1236669848730058,,0.910478161027034,,,
19,7159,0.09778627809582516,,0.926736406981945,,,
19,7169,0.13516305021917915,,0.9117122609168291,,,
19,7179,0.07294693989849313,,0.9400575847054521,,,
19,7189,0.1135933096013485,,0.9177987898389498,,,
19,7199,0.0936352039398103,,0.9290470850343505,,,
19,7209,0.0987152603486353,,0.9270200151950121,,,
19,7219,0.08060700316382764,,0.9360986348862449,,,
19,7229,0.15590980138090016,,0.9027506560087204,,,
19,7239,0.0481522670256706,,0.9603780473892888,,,
19,7249,0.0966402232355725,,0.9280529067230721,,,
19,7259,0.1626413677775605,,0.8863748277847965,,,
19,7269,0.11685475053021498,,0.9118998746077219,,,
19,7279,0.07931623545342578,,0.9393509514629841,,,
19,7289,0.07459070880090277,,0.9439062060167392,,,
19,7299,0.11452361152579807,,0.9179249607647458,,,
19,7309,0.11434823063484455,,0.9182075218607982,,,
19,7319,0.07484252903182599,,0.941618366787831,,,
19,7329,0.13002932381386595,,0.9073398026327292,,,
19,7339,0.1736241304641072,,0.8871901305392385,,,
19,7349,0.06201411176683815,,0.9504373221037289,,,
19,7359,0.08646356011306622,,0.934639194359382,,,
19,7369,0.09944754658729422,,0.9274308625608683,,,
19,7379,0.14450581361298287,,0.9034095968430241,,,
19,7389,0.09959508056572625,,0.9275034430126349,,,
19,7399,0.08532006675340945,,0.9329223943253359,,,
19,7409,0.1111965928100496,,0.9172140434384346,,,
19,7419,0.0799468519221706,,0.9392832219600677,,,
19,7429,0.10785548959663911,,0.9214830324053764,,,
19,7439,0.11367754398171177,,0.9202291357020537,,,
19,7449,0.10214518486724039,,0.9265259069701036,,,
19,7459,0.11018473000977702,,0.9158682612081369,,,
19,7469,0.07946465031474031,,0.9361875631536046,,,
19,7479,0.07792476487953445,,0.9389536622911692,,,
19,7489,0.09130507923585474,,0.9310983332494894,,,
19,7499,0.10540335184979066,,0.9199485831583539,,,
19,7499,,,,0.13576950132846832,0.36685898900032043,0.9047799110412598
19,7499,0.1054033488035202,0.592165470123291,0.9240047335624695,,,
20,7509,0.08778991744526968,,0.9337206551184257,,,
20,7519,0.08537164531473687,,0.9340239229301611,,,
20,7529,0.0647564921293861,,0.9482675828039646,,,
20,7539,0.1253513232458242,,0.9095791888733705,,,
20,7549,0.08251804485346939,,0.938417716572682,,,
20,7559,0.07885831595263218,,0.9399620518088341,,,
20,7569,0.13999811983264843,,0.9007625052084526,,,
20,7579,0.10157476926227499,,0.9214008295287689,,,
20,7589,0.13218325513206228,,0.9064866105715433,,,
20,7599,0.10022733887304129,,0.9259363912666838,,,
20,7609,0.10173525671389877,,0.9277061689645052,,,
20,7619,0.09534177469770347,,0.9296661149710417,,,
20,7629,0.11899490285336639,,0.9158739776660999,,,
20,7639,0.12601234526664068,,0.9120715825508038,,,
20,7649,0.12322558631037686,,0.9146350032339493,,,
20,7659,0.09239160179694152,,0.9279665102561314,,,
20,7669,0.12143931061949362,,0.9098651961733898,,,
20,7679,0.1209001669849863,,0.9108518535892168,,,
20,7689,0.11634071960137946,,0.9127282109111547,,,
20,7699,0.06305773497490766,,0.9482638308157523,,,
20,7709,0.09889340829449828,,0.9242025101557374,,,
20,7719,0.11848230644639651,,0.9118563327938318,,,
20,7729,0.09139614022258828,,0.9287296589463949,,,
20,7739,0.060149121084588586,,0.9514336089293162,,,
20,7749,0.06303070098738803,,0.948093089585503,,,
20,7759,0.14197020215766867,,0.8971254248172045,,,
20,7769,0.06075118204314678,,0.9525962093224127,,,
20,7779,0.14647615325434882,,0.8971487839395801,,,
20,7789,0.10344348238047385,,0.9215136288354794,,,
20,7799,0.11364258769889822,,0.9208500236272812,,,
20,7809,0.11973355798270265,,0.9146181251853704,,,
20,7819,0.09472985138041179,,0.929239625732104,,,
20,7829,0.10355150727218995,,0.9241262276967367,,,
20,7839,0.12184749539538545,,0.9134948595116535,,,
20,7849,0.15045271630818607,,0.9012925658995906,,,
20,7859,0.10466691314638751,,0.9235690130541722,,,
20,7869,0.07588225846269522,,0.9394529033452272,,,
20,7874,,,,0.13542433083057404,0.3711899220943451,0.9048478007316589
20,7874,0.06227795407176018,0.6226626038551331,0.9267964363098145,,,
21,7879,0.11370867269792738,,0.9198505058884621,,,
21,7889,0.10035091047137695,,0.9224724577118953,,,
21,7899,0.0891428428041675,,0.9331987754752239,,,
21,7909,0.0898944053198559,,0.9340713204195102,,,
21,7919,0.13627326629740327,,0.9024674966931343,,,
21,7929,0.10850737353379505,,0.9189305116112034,,,
21,7939,0.1108259886191407,,0.9168483170991143,,,
21,7949,0.06628082886496883,,0.9482712093740702,,,
21,7959,0.12566325834057104,,0.9128904780372977,,,
21,7969,0.13478551162975044,,0.9040285721421242,,,
21,7979,0.0722989015619082,,0.9443750356634458,,,
21,7989,0.150517542680967,,0.8937418373922507,,,
21,7999,0.08083562341978442,,0.9377775018413862,,,
21,8009,0.06772633511949606,,0.9459856376051903,,,
21,8019,0.09947296775039996,,0.9275337116171917,,,
21,8029,0.18104328161781016,,0.8813094794750214,,,
21,8039,0.07346016310387755,,0.9434200519074996,,,
21,8049,0.12439670617735113,,0.9127514480302731,,,
21,8059,0.05056543146326044,,0.9572708159685135,,,
21,8069,0.0944163442075048,,0.9327450742324194,,,
21,8079,0.0976861099457125,,0.923925063572824,,,
21,8089,0.10326777986115658,,0.9280439528326193,,,
21,8099,0.07471763593305025,,0.9410171757141749,,,
21,8109,0.08709858920048603,,0.9322892011453707,,,
21,8119,0.08902635937325079,,0.9304638132452965,,,
21,8129,0.066623007945675,,0.9464673275748888,,,
21,8139,0.08796205741445202,,0.9328601323068142,,,
21,8149,0.1063917410793204,,0.9210440733780464,,,
21,8159,0.07202099771734574,,0.9432808620234331,,,
21,8169,0.10255361630882315,,0.923733364790678,,,
21,8179,0.11100956621249106,,0.9177771359682083,,,
21,8189,0.09064841594392811,,0.9283195411165556,,,
21,8199,0.07507385233721833,,0.9416401777416468,,,
21,8209,0.059794746857688666,,0.9515870418399572,,,
21,8219,0.13929464419390725,,0.9018603035559257,,,
21,8229,0.132790865750291,,0.9056106669207414,,,
21,8239,0.0863001054613861,,0.9342301227152348,,,
21,8249,0.10844153678896523,,0.9175277662773927,,,
21,8249,,,,0.14398573338985443,0.3047651946544647,0.9005400538444519
21,8249,0.1084415391087532,0.6089015007019043,0.9250403642654419,,,
22,8259,0.13835185305540115,,0.9062019381672144,,,
22,8269,0.1561874375477394,,0.8934640561540922,,,
22,8279,0.10423745632196757,,0.9204974801590045,,,
22,8289,0.06597835559410391,,0.9455567939827839,,,
22,8299,0.15020672502893748,,0.901922482997179,,,
22,8309,0.1352724575219161,,0.9053475627054771,,,
22,8319,0.1532886073281954,,0.8979340512305498,,,
22,8329,0.08675653794059078,,0.9322471960137287,,,
22,8339,0.12306869217225154,,0.9104079995304346,,,
22,8349,0.11092923939581299,,0.9174469845990341,,,
22,8359,0.07212535958189437,,0.9407210095475117,,,
22,8369,0.07909094990924787,,0.9379688476522764,,,
22,8379,0.07592451565601702,,0.9380363766103983,,,
22,8389,0.0944415833995158,,0.9290920992692312,,,
22,8399,0.10213851465118838,,0.924519491692384,,,
22,8409,0.05000045538682231,,0.9589768980319301,,,
22,8419,0.09017810417631357,,0.9294557500009736,,,
22,8429,0.07640726485989187,,0.9401943286259968,,,
22,8439,0.1141359013007738,,0.9177995423475901,,,
22,8449,0.07088447031278543,,0.9442166605343422,,,
22,8459,0.06904881099631589,,0.9457715476552645,,,
22,8469,0.055746917334994414,,0.9549453277140856,,,
22,8479,0.10933673589769147,,0.9188285060226917,,,
22,8489,0.15323049943461117,,0.8914951908712586,,,
22,8499,0.09348615358140963,,0.928152077520887,,,
22,8509,0.10698770586713259,,0.9225923543175062,,,
22,8519,0.1048463958899831,,0.9221241489673654,,,
22,8529,0.13133139207394845,,0.9045014499376217,,,
22,8539,0.06583881255652418,,0.9458870214099685,,,
22,8549,0.10367830599960201,,0.9226766073455414,,,
22,8559,0.14683433504435456,,0.8974762802633146,,,
22,8569,0.07508262857891417,,0.9462127971152464,,,
22,8579,0.1072316932438416,,0.9212583942959706,,,
22,8589,0.1706671888297289,,0.8808550969697535,,,
22,8599,0.08830948864287984,,0.9328049706916014,,,
22,8609,0.11387191076555704,,0.9173211498806874,,,
22,8619,0.13258186446486037,,0.903710067893068,,,
22,8624,,,,0.14855438470840454,0.27127137780189514,0.8981163501739502
22,8624,0.08404099941253662,0.6261635422706604,0.9272269010543823,,,
23,8629,0.13942331394299975,,0.9012048977116743,,,
23,8639,0.08162248800929489,,0.9368743778516848,,,
23,8649,0.09099295235174025,,0.9299585558474064,,,
23,8659,0.07563204531658951,,0.9403472514823079,,,
23,8669,0.07760215742764223,,0.9393112976104021,,,
23,8679,0.07700761369755915,,0.9384253981212775,,,
23,8689,0.1414691195666723,,0.9001179977009693,,,
23,8699,0.09251579989183376,,0.9282984218249719,,,
23,8709,0.07723722470401624,,0.9388015264024338,,,
23,8719,0.1307180491436998,,0.9026940980305275,,,
23,8729,0.060948964822425185,,0.9492007214576006,,,
23,8739,0.11889278233190867,,0.9125292381892602,,,
23,8749,0.04590743497429045,,0.9611645626525084,,,
23,8759,0.14843998839574274,,0.8986512515693903,,,
23,8769,0.1176295893047199,,0.9135529839744171,,,
23,8779,0.13270033168474857,,0.9092714687188466,,,
23,8789,0.08343801617661958,,0.9336004387587309,,,
23,8799,0.11250942228893746,,0.9173681102693081,,,
23,8809,0.06802785382140893,,0.945003584648172,,,
23,8819,0.11083166911949195,,0.9203050465633472,,,
23,8829,0.08087267440705737,,0.9377814422671994,,,
23,8839,0.06034473474382943,,0.9506151232247552,,,
23,8849,0.0842240023346248,,0.9339495201905569,,,
23,8859,0.07953526110586231,,0.9365198686718941,,,
23,8869,0.09491068582277032,,0.9252713757256666,,,
23,8879,0.10373403275854795,,0.9253467451781034,,,
23,8889,0.1169601828358423,,0.9192529916763306,,,
23,8899,0.07421449268483692,,0.9403255836417278,,,
23,8909,0.06765926595349059,,0.9448803346604109,,,
23,8919,0.10592987717747906,,0.9203339498490095,,,
23,8929,0.06915026522920018,,0.9448530469089746,,,
23,8939,0.14388768303316413,,0.9056167838474114,,,
23,8949,0.11138457028081647,,0.9246405009180307,,,
23,8959,0.05716009251926009,,0.9541259327282509,,,
23,8969,0.11707085793709798,,0.9123145149399836,,,
23,8979,0.11973753540963883,,0.9155017087856928,,,
23,8989,0.11061525356573614,,0.9160325409223636,,,
23,8999,0.13439938388416342,,0.9039644294728836,,,
23,8999,,,,0.13567981123924255,0.3632684051990509,0.9051076769828796
23,8999,0.1343993842601776,0.6396932005882263,0.9289411306381226,,,
24,9009,0.12001352181116393,,0.9143199728180965,,,
24,9019,0.08439510236368526,,0.9335605734959245,,,
24,9029,0.07571250106137903,,0.9421521350741386,,,
24,9039,0.08998046118326346,,0.9318045042455196,,,
24,9049,0.09270958006461849,,0.929937521306177,,,
24,9059,0.09700382490702086,,0.924316386381785,,,
24,9069,0.07848823881221464,,0.93854342152675,,,
24,9079,0.09717990086451242,,0.9311128625025351,,,
24,9089,0.08242513142387109,,0.9349401518702507,,,
24,9099,0.11167415020357838,,0.919254694133997,,,
24,9109,0.0891292105806183,,0.9343676523615917,,,
24,9119,0.13617592681219085,,0.9059329048419992,,,
24,9129,0.12440472749224496,,0.9162009557088215,,,
24,9139,0.07281722872869661,,0.9437988599141439,,,
24,9149,0.11542739958687483,,0.9185088730106751,,,
24,9159,0.11965964618635799,,0.911692942182223,,,
24,9169,0.07446966998655177,,0.9430416841059923,,,
24,9179,0.0766819557000756,,0.9389478570471207,,,
24,9189,0.061084472935755973,,0.950611108293136,,,
24,9199,0.08876722935130184,,0.9308316803847749,,,
24,9209,0.06291100550429096,,0.9498164441126088,,,
24,9219,0.0861201534177095,,0.9335623967150847,,,
24,9229,0.10789266045974957,,0.9178814409921566,,,
24,9239,0.0741858936747378,,0.9431713856756687,,,
24,9249,0.092426491370876,,0.9310383175810178,,,
24,9259,0.11758449631875055,,0.9131090901792049,,,
24,9269,0.0748554097514544,,0.9436543807387352,,,
24,9279,0.08657002242027781,,0.9361850501348575,,,
24,9289,0.09238394859012408,,0.932108796822528,,,
24,9299,0.09680540156239775,,0.9244142084692916,,,
24,9309,0.06619973078180713,,0.9478808175772429,,,
24,9319,0.10341138179954792,,0.9228071483472983,,,
24,9329,0.07671351798741995,,0.9400964075078566,,,
24,9339,0.11188877442837786,,0.9158675714085499,,,
24,9349,0.11323681597910551,,0.9179768792043129,,,
24,9359,0.12268006163829695,,0.9141475533445677,,,
24,9369,0.14218599439313512,,0.8985952381044626,,,
24,9374,,,,0.14127101004123688,0.3270860016345978,0.9018253684043884
24,9374,0.11437772214412689,0.6291453242301941,0.9277121424674988,,,
25,9379,0.09278249215963744,,0.9324936755001545,,,
25,9389,0.08964658171388329,,0.9313032192488511,,,
25,9399,0.10237253916254813,,0.921808038217326,,,
25,9409,0.12333316212353371,,0.9068524694691101,,,
25,9419,0.07203617071951725,,0.9414164945483208,,,
25,9429,0.0885886031384376,,0.9315815369288126,,,
25,9439,0.09214748889337862,,0.928361978692313,,,
25,9449,0.08415955457207647,,0.9340660603096088,,,
25,9459,0.09423871585043248,,0.9261012524366379,,,
25,9469,0.11583223813549799,,0.9184436003367107,,,
25,9479,0.12472822875528883,,0.9106940856824318,,,
25,9489,0.10466382892859054,,0.9231604418406884,,,
25,9499,0.08658296520401021,,0.9358962463835875,,,
25,9509,0.09661814477686821,,0.9285334429393212,,,
25,9519,0.14192977705335885,,0.8980409142871698,,,
25,9529,0.11808324556080499,,0.9118063853432734,,,
25,9539,0.06167751436947817,,0.9505396354943514,,,
25,9549,0.09876467028615143,,0.9289155776302019,,,
25,9559,0.08609396752429929,,0.9355175780753294,,,
25,9569,0.10141881358969583,,0.9221349904934565,,,
25,9579,0.07907293526076459,,0.9403113772471746,,,
25,9589,0.11881153257380009,,0.9112567454576492,,,
25,9599,0.061079081263031236,,0.9484957878788313,,,
25,9609,0.09084879673333363,,0.9315506381293138,,,
25,9619,0.13611463888896863,,0.9033117989699045,,,
25,9629,0.13565806055518484,,0.9180949771155914,,,
25,9639,0.0930216796524235,,0.9284141641110182,,,
25,9649,0.06756748555092819,,0.9449153809497753,,,
25,9659,0.06714690401654665,,0.9460936275621256,,,
25,9669,0.0998990425751043,,0.9302322641015053,,,
25,9679,0.06610913377230009,,0.9455082925657431,,,
25,9689,0.0899825496958396,,0.938099709028999,,,
25,9699,0.0804228251946631,,0.9364059582973521,,,
25,9709,0.07888062142026492,,0.9402781035751104,,,
25,9719,0.1307120312915187,,0.9106301292777061,,,
25,9729,0.1707049382567749,,0.8830205922325453,,,
25,9739,0.06300051215451016,,0.9476056477675835,,,
25,9749,0.07794726448517748,,0.9376017656177282,,,
25,9749,,,,0.13478220999240875,0.369426429271698,0.9056026935577393
25,9749,0.07794726639986038,0.6578482985496521,0.9306679964065552,,,
26,9759,0.10755348964845872,,0.9192162190253536,,,
26,9769,0.07681412884554512,,0.9394132867455482,,,
26,9779,0.08863494814299715,,0.9350302023813128,,,
26,9789,0.08459668079497834,,0.9350405099491279,,,
26,9799,0.06164220983880295,,0.9523148046185573,,,
26,9809,0.07702906476800761,,0.943480133699874,,,
26,9819,0.08530771898986941,,0.9357451712712646,,,
26,9829,0.06364281788238438,,0.9485205623010794,,,
26,9839,0.09642508061163582,,0.9266100066403548,,,
26,9849,0.055348588652193324,,0.9527172489712635,,,
26,9859,0.06942593575110363,,0.9450327754020691,,,
26,9869,0.18165437304478319,,0.8775562848895788,,,
26,9879,0.13523654870059634,,0.9061219859868288,,,
26,9889,0.08865015328155731,,0.9302020352333784,,,
26,9899,0.0891271331125305,,0.9318261140336593,,,
26,9909,0.11247519228296371,,0.9168993874142568,,,
26,9919,0.1196779095159332,,0.9171510568509499,,,
26,9929,0.1217971290202283,,0.9134558451672395,,,
26,9939,0.09652557544363172,,0.9256324544548988,,,
26,9949,0.0872593333661014,,0.9338158052414656,,,
26,9959,0.06441327601538724,,0.9469874932741126,,,
26,9969,0.08775777536323509,,0.9303468310584625,,,
26,9979,0.11749252048322961,,0.9194139453272024,,,
26,9989,0.0825638064884391,,0.9372742374738057,,,
26,9999,0.06653627188412495,,0.9473673819253843,,,
26,10009,0.0652069959147724,,0.9490949362516403,,,
26,10019,0.06774523156693443,,0.9456752805660168,,,
26,10029,0.0968578736858434,,0.9288637877131501,,,
26,10039,0.09181220529368125,,0.9282431756146252,,,
26,10049,0.14887195968692263,,0.8980325640489658,,,
26,10059,0.08067430431442806,,0.9358107118556898,,,
26,10069,0.05891497116499278,,0.950650400792559,,,
26,10079,0.1083424169690416,,0.921549050292621,,,
26,10089,0.0906181855230724,,0.9327389262616634,,,
26,10099,0.11798681653328644,,0.9133540336042643,,,
26,10109,0.07126461383514783,,0.9437275162587564,,,
26,10119,0.08854142151147518,,0.9369474686682224,,,
26,10124,,,,0.13654232025146484,0.36377373337745667,0.904204785823822
26,10124,0.08274342119693756,0.6678848266601562,0.9314846396446228,,,
27,10129,0.11614945402420067,,0.9210460170482596,,,
27,10139,0.0678570543252244,,0.9453208291282256,,,
27,10149,0.0839810135380808,,0.9347788713251551,,,
27,10159,0.09400141099737726,,0.9261144890139501,,,
27,10169,0.06452880621673518,,0.9490770399570465,,,
27,10179,0.06487435632342259,,0.9461985367039839,,,
27,10189,0.09635699193523584,,0.9285888013740381,,,
27,10199,0.07472106716752974,,0.9403240885585546,,,
27,10209,0.055868744694361414,,0.9535282785072923,,,
27,10219,0.07597401741393134,,0.9401284245153269,,,
27,10229,0.11982259495637843,,0.9139945544302464,,,
27,10239,0.0921325152573825,,0.9290988345940908,,,
27,10249,0.10900443894498998,,0.9202542925874392,,,
27,10259,0.12570843672010434,,0.9147771118829648,,,
27,10269,0.0791105533582243,,0.9377816760291656,,,
27,10279,0.09697864107265894,,0.9260078941782315,,,
27,10289,0.11095043315124378,,0.9204365902890762,,,
27,10299,0.07888827342825941,,0.9418091606348753,,,
27,10309,0.06798530480731006,,0.9438190736497442,,,
27,10319,0.09960609971446373,,0.9285344636688629,,,
27,10329,0.07921597267592517,,0.9383927943805853,,,
27,10339,0.09656116868635628,,0.9268387823055187,,,
27,10349,0.04514998166609735,,0.9608354040731987,,,
27,10359,0.04132608978683079,,0.96430778875947,,,
27,10369,0.05285661365501641,,0.9561265067507824,,,
27,10379,0.0695237984446347,,0.9425742588937283,,,
27,10389,0.08024839536253445,,0.941247645765543,,,
27,10399,0.0840742052175,,0.9352390691637993,,,
27,10409,0.07722579555059106,,0.9399438668042421,,,
27,10419,0.1260254000826817,,0.9143534116446972,,,
27,10429,0.09165199290401733,,0.9317441247403622,,,
27,10439,0.10771248910823777,,0.9180143748720487,,,
27,10449,0.06484121626526013,,0.9493420366197824,,,
27,10459,0.11016726184066836,,0.9140033653626839,,,
27,10469,0.058749833191977255,,0.9525569193065166,,,
27,10479,0.06518862261576457,,0.9464993219201764,,,
27,10489,0.06376142024511783,,0.9481494752690196,,,
27,10499,0.14694031145390135,,0.8999459768335024,,,
27,10499,,,,0.1522800624370575,0.24870561063289642,0.8958356976509094
27,10499,0.14694030582904816,0.6773476004600525,0.93271404504776,,,
28,10509,0.07753654071655378,,0.9388993761191765,,,
28,10519,0.09667457651398334,,0.9274641436835129,,,
28,10529,0.08974729971100613,,0.932180025925239,,,
28,10539,0.10868151091462921,,0.9188695847988129,,,
28,10549,0.11465481554628626,,0.9187283578018347,,,
28,10559,0.035987705453403615,,0.9694506345937649,,,
28,10569,0.0753162141058589,,0.9397840096304814,,,
28,10579,0.05320145629831126,,0.9560382508983215,,,
28,10589,0.06294931768402617,,0.949550415078799,,,
28,10599,0.07525382871897636,,0.9394579098249475,,,
28,10609,0.07188217489251843,,0.9453421837339798,,,
28,10619,0.082641450376684,,0.9358117201675972,,,
28,10629,0.11144954504162632,,0.9204151704907417,,,
28,10639,0.049410246311613046,,0.9583421098068357,,,
28,10649,0.06218915470731475,,0.9479303608338038,,,
28,10659,0.06043131380656323,,0.9507556331033508,,,
28,10669,0.09426067675143443,,0.931168818846345,,,
28,10679,0.07738296429156569,,0.9373181872069836,,,
28,10689,0.07157938293470208,,0.9424588916202385,,,
28,10699,0.08296111222541823,,0.9337574783712626,,,
28,10709,0.05997622259007955,,0.9509994486967722,,,
28,10719,0.10855655062848509,,0.9232929504166046,,,
28,10729,0.09567142785634283,,0.9323474870373806,,,
28,10739,0.08519818987438066,,0.9346832328786453,,,
28,10749,0.07621168194045227,,0.9392301701009274,,,
28,10759,0.08372593123742283,,0.9327731051792701,,,
28,10769,0.10163105456187799,,0.9240671511118611,,,
28,10779,0.08217375647719886,,0.9343063437069455,,,
28,10789,0.13370186757680252,,0.9084186082084974,,,
28,10799,0.09727737092491692,,0.9237938309088349,,,
28,10809,0.08395947709424673,,0.935350812971592,,,
28,10819,0.05655756723056433,,0.9523900498946508,,,
28,10829,0.07409165978899324,,0.9421612784887353,,,
28,10839,0.06713972774813294,,0.946056628289322,,,
28,10849,0.05699824816427245,,0.9538562167435884,,,
28,10859,0.08404375095465816,,0.9339045279969772,,,
28,10869,0.0944543177758132,,0.9281462114304304,,,
28,10874,,,,0.14147762954235077,0.3254621624946594,0.9017227292060852
28,10874,0.08025912195444107,0.6782011389732361,0.9325061440467834,,,
29,10879,0.09561093339075641,,0.9270907305181026,,,
29,10889,0.0624140858123349,,0.9481924433882037,,,
29,10899,0.08068385862376774,,0.9386118076120814,,,
29,10909,0.12102510159012747,,0.9120487309992313,,,
29,10919,0.06253919729576138,,0.9498274723688761,,,
29,10929,0.1296514259645233,,0.9111725632101297,,,
29,10939,0.05415887462378055,,0.9539186401913563,,,
29,10949,0.08589065991993555,,0.9332513109159967,,,
29,10959,0.10235277416655958,,0.9225974095364412,,,
29,10969,0.0778455198992345,,0.9379575581600269,,,
29,10979,0.05013430800171419,,0.9572687155256668,,,
29,10989,0.12127223219744514,,0.9117393009364605,,,
29,10999,0.0753302224014453,,0.9430574988946319,,,
29,11009,0.09156038158088012,,0.9292475165178379,,,
29,11019,0.13833372336614785,,0.9053940990318855,,,
29,11029,0.08028324359218722,,0.9372204936419924,,,
29,11039,0.1180278470245823,,0.9124709616104761,,,
29,11049,0.13256571444343523,,0.9044658690690994,,,
29,11059,0.09390337370175507,,0.927606010188659,,,
29,11069,0.101956808703888,,0.9233903214335442,,,
29,11079,0.07486312194578312,,0.9417480000605186,,,
29,11089,0.055543251583221626,,0.9540012789269289,,,
29,11099,0.0791287827973817,,0.9358078613877296,,,
29,11109,0.05630860763377085,,0.952432444319129,,,
29,11119,0.11076626995655872,,0.9206491047516465,,,
29,11129,0.09497522397738623,,0.9287524111568928,,,
29,11139,0.07750284345123097,,0.9410748782878121,,,
29,11149,0.08372808241022314,,0.9334436170756817,,,
29,11159,0.043961048048690415,,0.963285135726134,,,
29,11169,0.07165627419704357,,0.9436742371569078,,,
29,11179,0.10732153390785791,,0.9191902729993066,,,
29,11189,0.06773212579737856,,0.9448960808416208,,,
29,11199,0.09744435880669619,,0.9259821822245916,,,
29,11209,0.09560413607279887,,0.9287243969738483,,,
29,11219,0.07545574116377557,,0.9381348459670942,,,
29,11229,0.09937986710792608,,0.9253104018668333,,,
29,11239,0.06024016164970097,,0.9518642394493023,,,
29,11249,0.07303889581287205,,0.9424278920826812,,,
29,11249,,,,0.1402648538351059,0.339621365070343,0.9020289778709412
29,11249,0.07303889840841293,0.6907171607017517,0.9337552785873413,,,
